Family,Species,Individual,Timing,N family level,P family level,Na family level,Principal host family,Sex,avg eye width,Wing Length
Nymphalidae,Adelpha_bredowii,218,Recent,1.66129,0.115029,0.02668,Fagaceae,male,1.279469,3.529195
Nymphalidae,Adelpha_bredowii,219,Recent,1.66129,0.115029,0.02668,Fagaceae,female,1.3023365,3.69128
Nymphalidae,Adelpha_bredowii,220,Recent,1.66129,0.115029,0.02668,Fagaceae,female,1.258122,3.551067
Nymphalidae,Adelpha_bredowii,221,Recent,1.66129,0.115029,0.02668,Fagaceae,male,1.2917235,3.265978
Nymphalidae,Adelpha_bredowii,222,Recent,1.66129,0.115029,0.02668,Fagaceae,male,1.212219,2.942807
Nymphalidae,Adelpha_bredowii,223,Recent,1.66129,0.115029,0.02668,Fagaceae,female,1.320538,3.651373
Nymphalidae,Adelpha_bredowii,224,Recent,1.66129,0.115029,0.02668,Fagaceae,male,1.3166825,3.236069
Nymphalidae,Adelpha_bredowii,225,Recent,1.66129,0.115029,0.02668,Fagaceae,female,1.241868,3.746907
Hesperidae,Agathymus_stephensi,348,Ancient,2.62101,0.280253,0.04079,Asparagaceae,female,1.0893755,2.477
Hesperidae,Agathymus_stephensi,349,Ancient,2.62101,0.280253,0.04079,Asparagaceae,male,1.1424145,2.254
Hesperidae,Agathymus_stephensi,350,Ancient,2.62101,0.280253,0.04079,Asparagaceae,male,1.1722935,2.25
Hesperidae,Agathymus_stephensi,351,Ancient,2.62101,0.280253,0.04079,Asparagaceae,female,1.1745785,2.634
Hesperidae,Agathymus_stephensi,352,Ancient,2.62101,0.280253,0.04079,Asparagaceae,female,1.0738575,2.62
Hesperidae,Agathymus_stephensi,353,Ancient,2.62101,0.280253,0.04079,Asparagaceae,male,1.158634,2.338
Nymphalidae,Aglais_milberti,242,Ancient,3.41997,0.326043,0.50953,Urticaceae,male,0.807541,2.181147
Nymphalidae,Aglais_milberti,243,Ancient,3.41997,0.326043,0.50953,Urticaceae,female,0.8269435,2.3878
Nymphalidae,Aglais_milberti,244,Ancient,3.41997,0.326043,0.50953,Urticaceae,female,0.818326,2.481284
Nymphalidae,Aglais_milberti,245,Ancient,3.41997,0.326043,0.50953,Urticaceae,male,0.875541,2.18897
Nymphalidae,Aglais_milberti,246,Ancient,3.41997,0.326043,0.50953,Urticaceae,male,0.852631,2.356582
Nymphalidae,Aglais_milberti,247,Ancient,3.41997,0.326043,0.50953,Urticaceae,female,0.929785,2.353869
Nymphalidae,Aglais_milberti,248,Ancient,3.41997,0.326043,0.50953,Urticaceae,female,0.823859,2.617
Nymphalidae,Agraulis_vanillae,207,Ancient,3.1027,0.131691,0.57705,Passifloraceae,female,1.2980515,3.928865
Nymphalidae,Agraulis_vanillae,208,Ancient,3.1027,0.131691,0.57705,Passifloraceae,male,1.4245015,3.620458
Nymphalidae,Agraulis_vanillae,209,Ancient,3.1027,0.131691,0.57705,Passifloraceae,female,1.326488,3.925211
Nymphalidae,Agraulis_vanillae,210,Ancient,3.1027,0.131691,0.57705,Passifloraceae,male,1.3151695,3.206138
Nymphalidae,Agraulis_vanillae,211,Ancient,3.1027,0.131691,0.57705,Passifloraceae,female,1.178259,3.444585
Nymphalidae,Agraulis_vanillae,212,Ancient,3.1027,0.131691,0.57705,Passifloraceae,male,1.289926,3.286474
Nymphalidae,Agraulis_vanillae,213,Ancient,3.1027,0.131691,0.57705,Passifloraceae,male,1.368556,3.833884
Nymphalidae,Agraulis_vanillae,214,Ancient,3.1027,0.131691,0.57705,Passifloraceae,male,1.262989,3.519468
Nymphalidae,Agraulis_vanillae,215,Ancient,3.1027,0.131691,0.57705,Passifloraceae,male,1.453743,3.832029
Nymphalidae,Agraulis_vanillae,216,Ancient,3.1027,0.131691,0.57705,Passifloraceae,female,1.4794285,3.841289
Nymphalidae,Agraulis_vanillae,217,Ancient,3.1027,0.131691,0.57705,Passifloraceae,female,1.3976175,3.770408
Nymphalidae,Anaea_andria,191,Ancient,2.32015,0.165018,0.13081,Euphorbiaceae,female,1.0937595,3.24544
Nymphalidae,Anaea_andria,192,Ancient,2.32015,0.165018,0.13081,Euphorbiaceae,female,1.148032,3.411538
Nymphalidae,Anaea_andria,193,Ancient,2.32015,0.165018,0.13081,Euphorbiaceae,female,1.109632,3.643581
Nymphalidae,Anaea_andria,194,Ancient,2.32015,0.165018,0.13081,Euphorbiaceae,male,1.1816245,2.926185
Nymphalidae,Anaea_andria,195,Ancient,2.32015,0.165018,0.13081,Euphorbiaceae,female,1.086435,3.407097
Nymphalidae,Anaea_andria,196,Ancient,2.32015,0.165018,0.13081,Euphorbiaceae,male,1.1073405,3.087059
Nymphalidae,Anaea_andria,197,Ancient,2.32015,0.165018,0.13081,Euphorbiaceae,male,1.2201025,3.094611
Nymphalidae,Anaea_andria,198,Ancient,2.32015,0.165018,0.13081,Euphorbiaceae,female,1.007194,3.243315
Hesperidae,Ancyloxypha_numitor,483,Ancient,1.77674,0.159897,0.0395,Poaceae,NA,0.6613,1.204827
Hesperidae,Ancyloxypha_numitor,484,Ancient,1.77674,0.159897,0.0395,Poaceae,NA,0.501172,1.032523
Hesperidae,Ancyloxypha_numitor,485,Ancient,1.77674,0.159897,0.0395,Poaceae,male,,1.038719
Hesperidae,Ancyloxypha_numitor,486,Ancient,1.77674,0.159897,0.0395,Poaceae,male,0.6437205,1.215803
Hesperidae,Ancyloxypha_numitor,487,Ancient,1.77674,0.159897,0.0395,Poaceae,female,0.601149,1.365095
Hesperidae,Ancyloxypha_numitor,488,Ancient,1.77674,0.159897,0.0395,Poaceae,male,0.6142345,1.034116
Hesperidae,Ancyloxypha_numitor,489,Ancient,1.77674,0.159897,0.0395,Poaceae,male,0.49902,1.127351
Hesperidae,Ancyloxypha_numitor,490,Ancient,1.77674,0.159897,0.0395,Poaceae,male,0.558645,1.19779
Hesperidae,Ancyloxypha_numitor,491,Ancient,1.77674,0.159897,0.0395,Poaceae,male,0.577855,1.124897
Hesperidae,Ancyloxypha_numitor,492,Ancient,1.77674,0.159897,0.0395,Poaceae,male,0.58502,1.264172
Nymphalidae,Asterocampa_celtis,289,Ancient,2.82167,0.160276,0.03984,Cannabaceae,male,1.2811415,2.379278
Nymphalidae,Asterocampa_celtis,290,Ancient,2.82167,0.160276,0.03984,Cannabaceae,female,1.1289045,2.784605
Nymphalidae,Asterocampa_celtis,291,Ancient,2.82167,0.160276,0.03984,Cannabaceae,female,1.0961465,2.744538
Nymphalidae,Asterocampa_celtis,292,Ancient,2.82167,0.160276,0.03984,Cannabaceae,female,1.038163,2.485632
Nymphalidae,Asterocampa_celtis,293,Ancient,2.82167,0.160276,0.03984,Cannabaceae,female,1.1002475,2.829366
Nymphalidae,Asterocampa_celtis,294,Ancient,2.82167,0.160276,0.03984,Cannabaceae,female,1.161457,2.455862
Nymphalidae,Asterocampa_celtis,295,Ancient,2.82167,0.160276,0.03984,Cannabaceae,female,1.026509,2.456924
Nymphalidae,Asterocampa_celtis,296,Ancient,2.82167,0.160276,0.03984,Cannabaceae,male,1.1361555,2.164332
Nymphalidae,Asterocampa_celtis,297,Ancient,2.82167,0.160276,0.03984,Cannabaceae,male,1.156754,2.254908
Nymphalidae,Asterocampa_celtis,298,Ancient,2.82167,0.160276,0.03984,Cannabaceae,male,1.0808785,2.404762
Lycaenidae,Atlides_halesus,319,Ancient,1.3125,0.134353,0.56459,Santalaceae,female,1.0233925,2.122774
Lycaenidae,Atlides_halesus,320,Ancient,1.3125,0.134353,0.56459,Santalaceae,male,1.144485,1.858057
Lycaenidae,Atlides_halesus,321,Ancient,1.3125,0.134353,0.56459,Santalaceae,female,1.049757,2.065277
Lycaenidae,Atlides_halesus,322,Ancient,1.3125,0.134353,0.56459,Santalaceae,female,1.0555465,2.195186
Lycaenidae,Atlides_halesus,323,Ancient,1.3125,0.134353,0.56459,Santalaceae,male,1.1758115,1.834673
Lycaenidae,Atlides_halesus,324,Ancient,1.3125,0.134353,0.56459,Santalaceae,male,1.16403,1.81009
Papilionidae,Battus_philenor,262,Ancient,2.605,0.351056,0.01554,Aristoloceaceae,male,1.4434765,4.048272
Papilionidae,Battus_philenor,263,Ancient,2.605,0.351056,0.01554,Aristoloceaceae,female,1.33691,4.448067
Papilionidae,Battus_philenor,264,Ancient,2.605,0.351056,0.01554,Aristoloceaceae,male,1.568143,4.169936
Papilionidae,Battus_philenor,265,Ancient,2.605,0.351056,0.01554,Aristoloceaceae,female,1.3683505,4.659231
Papilionidae,Battus_philenor,266,Ancient,2.605,0.351056,0.01554,Aristoloceaceae,male,1.606168,4.375711
Papilionidae,Battus_philenor,267,Ancient,2.605,0.351056,0.01554,Aristoloceaceae,female,1.4198095,4.827402
Papilionidae,Battus_philenor,268,Ancient,2.605,0.351056,0.01554,Aristoloceaceae,male,1.573098,5.307334
Nymphalidae,Boloria_bellona,24,Ancient,2.69353,0.254557,0.0245,Violaceae,male,0.83725,2.087222
Nymphalidae,Boloria_bellona,25,Ancient,2.69353,0.254557,0.0245,Violaceae,female,0.6942735,2.152385
Nymphalidae,Boloria_bellona,26,Ancient,2.69353,0.254557,0.0245,Violaceae,male,0.564246,2.038358
Nymphalidae,Boloria_bellona,27,Ancient,2.69353,0.254557,0.0245,Violaceae,male,0.759055,2.29068
Nymphalidae,Boloria_bellona,28,Ancient,2.69353,0.254557,0.0245,Violaceae,female,0.6048425,2.235402
Nymphalidae,Boloria_bellona,29,Ancient,2.69353,0.254557,0.0245,Violaceae,female,0.6463875,2.295532
Nymphalidae,Boloria_freija,269,Recent,1.20477,0.085145,0.02524,Ericaceae,female,0.649821,1.889363
Nymphalidae,Boloria_freija,270,Recent,1.20477,0.085145,0.02524,Ericaceae,female,0.912793,1.874066
Nymphalidae,Boloria_freija,271,Recent,1.20477,0.085145,0.02524,Ericaceae,female,0.748519,1.874948
Nymphalidae,Boloria_freija,272,Recent,1.20477,0.085145,0.02524,Ericaceae,male,0.898838,1.69012
Nymphalidae,Boloria_freija,273,Recent,1.20477,0.085145,0.02524,Ericaceae,male,0.882141,1.786547
Nymphalidae,Boloria_freija,274,Recent,1.20477,0.085145,0.02524,Ericaceae,male,0.8734225,1.54802
Nymphalidae,Boloria_freija,275,Recent,1.20477,0.085145,0.02524,Ericaceae,male,0.864394,1.692
Nymphalidae,Boloria_freija,276,Recent,1.20477,0.085145,0.02524,Ericaceae,male,0.8738195,1.746178
Nymphalidae,Boloria_freija,277,Recent,1.20477,0.085145,0.02524,Ericaceae,male,0.799189,1.76262
Nymphalidae,Boloria_freija,278,Recent,1.20477,0.085145,0.02524,Ericaceae,male,0.891547,1.752941
Nymphalidae,Boloria_frigga,30,Recent,2.18222,0.171517,0.029655,Salicaceae,male,0.964817,1.965731
Nymphalidae,Boloria_frigga,30.1,Recent,2.18222,0.171517,0.029655,Salicaceae,male,,2.182142
Nymphalidae,Boloria_frigga,30.2,Recent,2.18222,0.171517,0.029655,Salicaceae,male,0.9095375,2.201188
Lycaenidae,Callophrys_augustinus,96,Recent,1.20477,0.085145,0.02524,Ericaceae,male,,1.151302
Lycaenidae,Callophrys_augustinus,107,Recent,1.20477,0.085145,0.02524,Ericaceae,male,0.63365,1.154957
Lycaenidae,Callophrys_augustinus,108,Recent,1.20477,0.085145,0.02524,Ericaceae,male,0.529739,1.137945
Lycaenidae,Callophrys_augustinus,109,Recent,1.20477,0.085145,0.02524,Ericaceae,male,0.598369,1.218238
Lycaenidae,Callophrys_augustinus,110,Recent,1.20477,0.085145,0.02524,Ericaceae,female,0.5578845,1.240087
Lycaenidae,Callophrys_augustinus,111,Recent,1.20477,0.085145,0.02524,Ericaceae,female,0.506353,1.162182
Lycaenidae,Callophrys_augustinus,112,Recent,1.20477,0.085145,0.02524,Ericaceae,female,0.5239065,1.14112
Lycaenidae,Callophrys_gryneus,366,Recent,1.14872,0.104458,0.01908,Cupressaceae,female,0.5391415,1.185
Lycaenidae,Callophrys_gryneus,367,Recent,1.14872,0.104458,0.01908,Cupressaceae,male,0.5478285,1.15
Lycaenidae,Callophrys_gryneus,368,Recent,1.14872,0.104458,0.01908,Cupressaceae,male,0.52535,1.306
Lycaenidae,Callophrys_gryneus,369,Recent,1.14872,0.104458,0.01908,Cupressaceae,female,0.5425595,1.207
Lycaenidae,Callophrys_gryneus,370,Recent,1.14872,0.104458,0.01908,Cupressaceae,male,0.558031,1.235
Lycaenidae,Callophrys_gryneus,371,Recent,1.14872,0.104458,0.01908,Cupressaceae,male,0.514207,1.247
Lycaenidae,Callophrys_gryneus,372,Recent,1.14872,0.104458,0.01908,Cupressaceae,female,0.5511325,1.331
Lycaenidae,Callophrys_niphon,101,Recent,1.22446,0.130829,0.02399,Pinaceae,male,0.6278935,1.3301
Lycaenidae,Callophrys_niphon,102,Recent,1.22446,0.130829,0.02399,Pinaceae,male,0.6283945,1.255856
Lycaenidae,Callophrys_niphon,103,Recent,1.22446,0.130829,0.02399,Pinaceae,male,0.6748155,1.318261
Lycaenidae,Callophrys_niphon,104,Recent,1.22446,0.130829,0.02399,Pinaceae,female,0.6123185,1.39971
Lycaenidae,Callophrys_niphon,105,Recent,1.22446,0.130829,0.02399,Pinaceae,female,0.5829505,1.271436
Lycaenidae,Callophrys_niphon,106,Recent,1.22446,0.130829,0.02399,Pinaceae,female,0.5422415,1.2447
Hesperidae,Calpodes_ethlius,458,Recent,2.399,0.47574,0.01835,Cannaceae,female,1.272523,2.485146
Hesperidae,Calpodes_ethlius,459,Recent,2.399,0.47574,0.01835,Cannaceae,female,1.116739,2.518562
Hesperidae,Calpodes_ethlius,460,Recent,2.399,0.47574,0.01835,Cannaceae,male,1.0642495,2.436822
Hesperidae,Calpodes_ethlius,461,Recent,2.399,0.47574,0.01835,Cannaceae,female,1.159863,2.648348
Hesperidae,Calpodes_ethlius,462,Recent,2.399,0.47574,0.01835,Cannaceae,male,1.1740135,2.413658
Hesperidae,Calpodes_ethlius,463,Recent,2.399,0.47574,0.01835,Cannaceae,male,1.0310415,2.186862
Hesperidae,Calpodes_ethlius,464,Recent,2.399,0.47574,0.01835,Cannaceae,male,1.0928505,2.415597
Pieridae,Catasticta_nimbice,341,Ancient,1.3125,0.134353,0.56459,Santalaceae,male,1.088447,2.882
Pieridae,Catasticta_nimbice,342,Ancient,1.3125,0.134353,0.56459,Santalaceae,male,1.0153065,2.615
Pieridae,Catasticta_nimbice,343,Ancient,1.3125,0.134353,0.56459,Santalaceae,NA,1.0219955,2.596
Pieridae,Catasticta_nimbice,344,Ancient,1.3125,0.134353,0.56459,Santalaceae,male,1.0636415,2.766
Pieridae,Catasticta_nimbice,345,Ancient,1.3125,0.134353,0.56459,Santalaceae,male,0.944306,2.685
Pieridae,Catasticta_nimbice,346,Ancient,1.3125,0.134353,0.56459,Santalaceae,male,0.9879285,2.638
Pieridae,Catasticta_nimbice,347,Ancient,1.3125,0.134353,0.56459,Santalaceae,male,0.9781025,2.811
Nymphalidae,Chlosyne_janais,90,Recent,3.3274,0.145615,0.0531,Acanthaceae,female,0.97842,2.6620339
Nymphalidae,Chlosyne_janais,91,Recent,3.3274,0.145615,0.0531,Acanthaceae,male,1.025926,2.316695
Nymphalidae,Chlosyne_janais,92,Recent,3.3274,0.145615,0.0531,Acanthaceae,male,1.068039,2.386613
Nymphalidae,Chlosyne_lacinia,84,Recent,2.16872,0.208676,0.03387,Asteraceae,male,0.7563415,2.238302
Nymphalidae,Chlosyne_lacinia,85,Recent,2.16872,0.208676,0.03387,Asteraceae,female,0.7744325,2.347516
Nymphalidae,Chlosyne_lacinia,86,Recent,2.16872,0.208676,0.03387,Asteraceae,female,,1.733064
Nymphalidae,Chlosyne_lacinia,87,Recent,2.16872,0.208676,0.03387,Asteraceae,male,0.825268,1.3254
Nymphalidae,Chlosyne_lacinia,88,Recent,2.16872,0.208676,0.03387,Asteraceae,male,0.722425,2.164613
Nymphalidae,Chlosyne_lacinia,89,Recent,2.16872,0.208676,0.03387,Asteraceae,female,0.821275,2.009879
Pieridae,Colias_alexandra,9,Ancient,2.83388,0.148494,0.02783,Fabaceae,female,0.958987,2.988632
Pieridae,Colias_alexandra,10,Ancient,2.83388,0.148494,0.02783,Fabaceae,female,0.8200805,2.584351
Pieridae,Colias_alexandra,11,Ancient,2.83388,0.148494,0.02783,Fabaceae,female,0.8724485,2.583742
Pieridae,Colias_alexandra,12,Ancient,2.83388,0.148494,0.02783,Fabaceae,male,0.9889885,2.435475
Pieridae,Colias_alexandra,13,Ancient,2.83388,0.148494,0.02783,Fabaceae,male,1.189792,2.541169
Pieridae,Colias_alexandra,14,Ancient,2.83388,0.148494,0.02783,Fabaceae,male,0.824421,2.259028
Pieridae,Colias_interior,3,Recent,1.20477,0.085145,0.02524,Ericaceae,male,0.863315,2.371023
Pieridae,Colias_interior,4,Recent,1.20477,0.085145,0.02524,Ericaceae,male,0.883278,2.57886
Pieridae,Colias_interior,5,Recent,1.20477,0.085145,0.02524,Ericaceae,female,0.78486,2.453774
Pieridae,Colias_interior,6,Recent,1.20477,0.085145,0.02524,Ericaceae,female,0.779393,2.161866
Pieridae,Colias_interior,7,Recent,1.20477,0.085145,0.02524,Ericaceae,female,0.8155245,2.560445
Pieridae,Colias_interior,8,Recent,1.20477,0.085145,0.02524,Ericaceae,male,0.8642785,2.524943
Pieridae,Colias_meadii,387,Ancient,2.83388,0.148494,0.02783,Fabaceae,female,0.8790815,2.39
Pieridae,Colias_meadii,388,Ancient,2.83388,0.148494,0.02783,Fabaceae,female,0.8140085,2.181
Pieridae,Colias_meadii,389,Ancient,2.83388,0.148494,0.02783,Fabaceae,male,0.969307,2.107987
Pieridae,Colias_meadii,390,Ancient,2.83388,0.148494,0.02783,Fabaceae,female,0.829588,2.377552
Pieridae,Colias_meadii,391,Ancient,2.83388,0.148494,0.02783,Fabaceae,male,0.9307805,2.027948
Pieridae,Colias_meadii,392,Ancient,2.83388,0.148494,0.02783,Fabaceae,female,0.819081,2.316725
Pieridae,Colias_meadii,393,Ancient,2.83388,0.148494,0.02783,Fabaceae,female,0.8244535,2.362422
Pieridae,Colias_meadii,394,Ancient,2.83388,0.148494,0.02783,Fabaceae,male,1.0768005,2.208728
Pieridae,Colias_meadii,395,Ancient,2.83388,0.148494,0.02783,Fabaceae,male,0.9044555,2.169757
Pieridae,Colias_meadii,396,Ancient,2.83388,0.148494,0.02783,Fabaceae,male,0.91108,1.991316
Pieridae,Colias_meadii,397,Ancient,2.83388,0.148494,0.02783,Fabaceae,female,0.748696,2.287077
Pieridae,Colias_meadii,398,Ancient,2.83388,0.148494,0.02783,Fabaceae,male,0.86287,2.029857
Pieridae,Colias_meadii,399,Ancient,2.83388,0.148494,0.02783,Fabaceae,male,0.883401,2.170148
Nymphalidae,Danaus_plexippus,408,Ancient,2.122,0.225827,0.13648,Apocynaceae,female,1.3979415,5.420968
Nymphalidae,Danaus_plexippus,409,Ancient,2.122,0.225827,0.13648,Apocynaceae,male,1.4519915,5.057578
Nymphalidae,Danaus_plexippus,410,Ancient,2.122,0.225827,0.13648,Apocynaceae,male,1.3104665,4.918187
Nymphalidae,Danaus_plexippus,411,Ancient,2.122,0.225827,0.13648,Apocynaceae,female,1.3303865,5.134265
Nymphalidae,Danaus_plexippus,412,Ancient,2.122,0.225827,0.13648,Apocynaceae,female,1.2541515,5.249624
Nymphalidae,Danaus_plexippus,413,Ancient,2.122,0.225827,0.13648,Apocynaceae,male,1.356507,4.963692
Nymphalidae,Danaus_plexippus,414,Ancient,2.122,0.225827,0.13648,Apocynaceae,male,1.518046,5.424911
Nymphalidae,Danaus_plexippus,415,Ancient,2.122,0.225827,0.13648,Apocynaceae,female,1.3989005,5.140276
Hesperidae,Epargyreus_clarus,523,Ancient,2.83388,0.148494,0.02783,Fabaceae,female,1.028919,2.585223
Hesperidae,Epargyreus_clarus,524,Ancient,2.83388,0.148494,0.02783,Fabaceae,male,1.0528375,2.444455
Hesperidae,Epargyreus_clarus,525,Ancient,2.83388,0.148494,0.02783,Fabaceae,male,1.096885,2.67452
Hesperidae,Epargyreus_clarus,526,Ancient,2.83388,0.148494,0.02783,Fabaceae,male,1.0644575,2.374722
Hesperidae,Epargyreus_clarus,527,Ancient,2.83388,0.148494,0.02783,Fabaceae,male,1.1380785,2.598694
Hesperidae,Epargyreus_clarus,528,Ancient,2.83388,0.148494,0.02783,Fabaceae,female,1.1048565,2.701762
Hesperidae,Epargyreus_clarus,529,Ancient,2.83388,0.148494,0.02783,Fabaceae,female,1.076771,2.746787
Hesperidae,Epargyreus_clarus,530,Ancient,2.83388,0.148494,0.02783,Fabaceae,male,1.0194835,2.5840484
Hesperidae,Epargyreus_clarus,531,Ancient,2.83388,0.148494,0.02783,Fabaceae,male,1.0424535,2.531048
Hesperidae,Epargyreus_clarus,532,Ancient,2.83388,0.148494,0.02783,Fabaceae,female,1.048419,2.632696
Hesperidae,Erynnis_baptisiae,149,Ancient,2.83388,0.148494,0.02783,Fabaceae,male,0.8929945,1.673235
Hesperidae,Erynnis_baptisiae,150,Ancient,2.83388,0.148494,0.02783,Fabaceae,male,,1.680474
Hesperidae,Erynnis_baptisiae,151,Ancient,2.83388,0.148494,0.02783,Fabaceae,male,0.9752925,1.689443
Hesperidae,Erynnis_baptisiae,152,Ancient,2.83388,0.148494,0.02783,Fabaceae,female,0.968094,1.495162
Hesperidae,Erynnis_baptisiae,153,Ancient,2.83388,0.148494,0.02783,Fabaceae,female,0.9045285,1.66355
Hesperidae,Erynnis_baptisiae,154,Ancient,2.83388,0.148494,0.02783,Fabaceae,female,0.9171305,1.680953
Hesperidae,Erynnis_icelus,513,Recent,2.41672,0.164042,0.025956667,Salicaceae,male,0.654275,1.490758
Hesperidae,Erynnis_icelus,514,Recent,2.41672,0.164042,0.025956667,Salicaceae,male,0.672503,1.387613
Hesperidae,Erynnis_icelus,515,Recent,2.41672,0.164042,0.025956667,Salicaceae,male,0.6259335,1.391136
Hesperidae,Erynnis_icelus,516,Recent,2.41672,0.164042,0.025956667,Salicaceae,male,0.7246965,1.395615
Hesperidae,Erynnis_icelus,517,Recent,2.41672,0.164042,0.025956667,Salicaceae,female,0.7064855,1.663279
Hesperidae,Erynnis_icelus,518,Recent,2.41672,0.164042,0.025956667,Salicaceae,male,0.7566695,1.637152
Hesperidae,Erynnis_icelus,519,Recent,2.41672,0.164042,0.025956667,Salicaceae,male,0.6516225,1.501867
Hesperidae,Erynnis_icelus,520,Recent,2.41672,0.164042,0.025956667,Salicaceae,male,0.6835665,1.543776
Hesperidae,Erynnis_icelus,521,Recent,2.41672,0.164042,0.025956667,Salicaceae,female,0.648776,1.441646
Hesperidae,Erynnis_icelus,522,Recent,2.41672,0.164042,0.025956667,Salicaceae,male,0.655689,1.513653
Hesperidae,Erynnis_juvenalis,143,Recent,1.66129,0.115029,0.02668,Fagaceae,female,0.8781755,1.746567
Hesperidae,Erynnis_juvenalis,144,Recent,1.66129,0.115029,0.02668,Fagaceae,female,0.8184635,1.909914
Hesperidae,Erynnis_juvenalis,145,Recent,1.66129,0.115029,0.02668,Fagaceae,female,,1.639938
Hesperidae,Erynnis_juvenalis,146,Recent,1.66129,0.115029,0.02668,Fagaceae,male,0.874,1.858466
Hesperidae,Erynnis_juvenalis,147,Recent,1.66129,0.115029,0.02668,Fagaceae,male,0.798292,1.792143
Hesperidae,Erynnis_juvenalis,148,Recent,1.66129,0.115029,0.02668,Fagaceae,male,,1.692854
Hesperidae,Erynnis_lucilius,465,Recent,2.44353,0.2674,0.00588,Ranunculaceae,male,0.7780405,1.55623
Hesperidae,Erynnis_lucilius,466,Recent,2.44353,0.2674,0.00588,Ranunculaceae,male,0.6537195,1.422942
Hesperidae,Erynnis_lucilius,467,Recent,2.44353,0.2674,0.00588,Ranunculaceae,male,0.685419,1.49439
Hesperidae,Erynnis_lucilius,468,Recent,2.44353,0.2674,0.00588,Ranunculaceae,male,0.7504665,1.693832
Hesperidae,Erynnis_lucilius,469,Recent,2.44353,0.2674,0.00588,Ranunculaceae,female,0.6950745,1.580406
Hesperidae,Erynnis_lucilius,470,Recent,2.44353,0.2674,0.00588,Ranunculaceae,female,0.67941,1.54822
Hesperidae,Erynnis_lucilius,471,Recent,2.44353,0.2674,0.00588,Ranunculaceae,female,0.628091,1.344106
Hesperidae,Erynnis_lucilius,472,Recent,2.44353,0.2674,0.00588,Ranunculaceae,female,0.731579,1.483985
Hesperidae,Erynnis_lucilius,473,Recent,2.44353,0.2674,0.00588,Ranunculaceae,male,0.585111,1.4562
Hesperidae,Erynnis_lucilius,474,Recent,2.44353,0.2674,0.00588,Ranunculaceae,female,0.698544,1.559794
Hesperidae,Erynnis_martialis,503,Recent,2.13208,0.130332,0.18007,Rhamnaceae,female,0.7645225,1.560592
Hesperidae,Erynnis_martialis,504,Recent,2.13208,0.130332,0.18007,Rhamnaceae,male,0.7605515,1.535737
Hesperidae,Erynnis_martialis,505,Recent,2.13208,0.130332,0.18007,Rhamnaceae,female,0.722177,1.565659
Hesperidae,Erynnis_martialis,506,Recent,2.13208,0.130332,0.18007,Rhamnaceae,male,0.829737,1.54565
Hesperidae,Erynnis_martialis,507,Recent,2.13208,0.130332,0.18007,Rhamnaceae,female,0.77528,1.509237
Hesperidae,Erynnis_martialis,508,Recent,2.13208,0.130332,0.18007,Rhamnaceae,female,0.74348,1.678492
Hesperidae,Erynnis_martialis,509,Recent,2.13208,0.130332,0.18007,Rhamnaceae,female,,1.618536
Hesperidae,Erynnis_martialis,510,Recent,2.13208,0.130332,0.18007,Rhamnaceae,female,0.7615675,1.616656
Hesperidae,Erynnis_martialis,511,Recent,2.13208,0.130332,0.18007,Rhamnaceae,male,0.8179605,1.607374
Hesperidae,Erynnis_martialis,512,Recent,2.13208,0.130332,0.18007,Rhamnaceae,male,0.7719885,1.634417
Lycaenidae,Eumaeus_atala,354,Recent,1.86267,0.187497,0.14029,Cycadaceae,male,1.030236,1.997
Lycaenidae,Eumaeus_atala,355,Recent,1.86267,0.187497,0.14029,Cycadaceae,male,1.055059,2.12
Lycaenidae,Eumaeus_atala,356,Recent,1.86267,0.187497,0.14029,Cycadaceae,female,0.895315,2.012
Papilionidae,Eurytides_marcellus,279,Ancient,2.22111,0.234132,0.00167,Annonaceae,male,1.267476,3.391197
Papilionidae,Eurytides_marcellus,280,Ancient,2.22111,0.234132,0.00167,Annonaceae,female,1.490024,3.679755
Papilionidae,Eurytides_marcellus,281,Ancient,2.22111,0.234132,0.00167,Annonaceae,male,1.305846,3.717396
Papilionidae,Eurytides_marcellus,282,Ancient,2.22111,0.234132,0.00167,Annonaceae,male,1.576923,4.208631
Papilionidae,Eurytides_marcellus,283,Ancient,2.22111,0.234132,0.00167,Annonaceae,female,1.3312715,4.434205
Papilionidae,Eurytides_marcellus,284,Ancient,2.22111,0.234132,0.00167,Annonaceae,male,1.596852,3.715505
Papilionidae,Eurytides_marcellus,285,Ancient,2.22111,0.234132,0.00167,Annonaceae,male,1.438224,3.855415
Papilionidae,Eurytides_marcellus,286,Ancient,2.22111,0.234132,0.00167,Annonaceae,male,1.547227,4.086027
Papilionidae,Eurytides_marcellus,287,Ancient,2.22111,0.234132,0.00167,Annonaceae,female,1.363889,3.782721
Papilionidae,Eurytides_marcellus,288,Ancient,2.22111,0.234132,0.00167,Annonaceae,female,1.3454195,4.44406
Lycaenidae,Feniseca_tarquinius,325,,,,,,female,0.7157185,1.529
Lycaenidae,Feniseca_tarquinius,326,,,,,,male,0.621662,1.472
Lycaenidae,Feniseca_tarquinius,327,,,,,,male,0.619474,1.267
Lycaenidae,Feniseca_tarquinius,328,,,,,,male,0.5738205,1.15
Lycaenidae,Feniseca_tarquinius,329,,,,,,female,0.71348,1.523
Lycaenidae,Feniseca_tarquinius,330,,,,,,female,,1.413
Lycaenidae,Feniseca_tarquinius,331,,,,,,female,0.6944835,1.438
Lycaenidae,Feniseca_tarquinius,332,,,,,,female,0.710655,1.659
Lycaenidae,Feniseca_tarquinius,333,,,,,,male,0.6582025,1.531
Lycaenidae,Feniseca_tarquinius,334,,,,,,female,0.668709,1.52
Lycaenidae,Glaucopsyche_lygdamus,183,Ancient,2.83388,0.148494,0.02783,Fabaceae,male,0.464079,1.188904
Lycaenidae,Glaucopsyche_lygdamus,184,Ancient,2.83388,0.148494,0.02783,Fabaceae,male,0.523726,1.343873
Lycaenidae,Glaucopsyche_lygdamus,185,Ancient,2.83388,0.148494,0.02783,Fabaceae,male,0.5632995,1.309994
Lycaenidae,Glaucopsyche_lygdamus,186,Ancient,2.83388,0.148494,0.02783,Fabaceae,female,0.5331475,1.347433
Lycaenidae,Glaucopsyche_lygdamus,187,Ancient,2.83388,0.148494,0.02783,Fabaceae,male,0.481109,1.203957
Lycaenidae,Glaucopsyche_lygdamus,188,Ancient,2.83388,0.148494,0.02783,Fabaceae,female,0.534151,1.422299
Lycaenidae,Glaucopsyche_lygdamus,189,Ancient,2.83388,0.148494,0.02783,Fabaceae,female,0.471822,1.279013
Lycaenidae,Glaucopsyche_lygdamus,190,Ancient,2.83388,0.148494,0.02783,Fabaceae,female,0.49806,1.27558
Nymphalidae,Limenitis_archippus,226,Ancient,2.1473725,0.191053125,0.036635,Salicaceae,male,0.995086,3.060603
Nymphalidae,Limenitis_archippus,227,Ancient,2.1473725,0.191053125,0.036635,Salicaceae,male,1.042959,3.231551
Nymphalidae,Limenitis_archippus,228,Ancient,2.1473725,0.191053125,0.036635,Salicaceae,female,1.2778195,4.173494
Nymphalidae,Limenitis_archippus,229,Ancient,2.1473725,0.191053125,0.036635,Salicaceae,male,1.051265,3.576331
Nymphalidae,Limenitis_archippus,230,Ancient,2.1473725,0.191053125,0.036635,Salicaceae,female,1.1117315,3.714621
Nymphalidae,Limenitis_archippus,231,Ancient,2.1473725,0.191053125,0.036635,Salicaceae,male,1.097772,3.429508
Nymphalidae,Limenitis_archippus,232,Ancient,2.1473725,0.191053125,0.036635,Salicaceae,female,0.9746035,3.853605
Nymphalidae,Limenitis_archippus,233,Ancient,2.1473725,0.191053125,0.036635,Salicaceae,female,1.055892,3.794638
Lycaenidae,Lycaena_dorcas,299,Recent,2.12128,0.202715,0.04175,Rosaceae,female,0.5462545,1.155776
Lycaenidae,Lycaena_dorcas,300,Recent,2.12128,0.202715,0.04175,Rosaceae,male,0.677671,1.355922
Lycaenidae,Lycaena_dorcas,301,Recent,2.12128,0.202715,0.04175,Rosaceae,male,0.593247,1.130253
Lycaenidae,Lycaena_dorcas,302,Recent,2.12128,0.202715,0.04175,Rosaceae,male,0.6515655,1.301425
Lycaenidae,Lycaena_dorcas,303,Recent,2.12128,0.202715,0.04175,Rosaceae,male,0.708371,1.408233
Lycaenidae,Lycaena_dorcas,304,Recent,2.12128,0.202715,0.04175,Rosaceae,female,0.5221395,1.237378
Lycaenidae,Lycaena_dorcas,305,Recent,2.12128,0.202715,0.04175,Rosaceae,female,0.5686365,1.341943
Lycaenidae,Lycaena_dorcas,306,Recent,2.12128,0.202715,0.04175,Rosaceae,female,0.561783,1.279339
Lycaenidae,Lycaena_epixanthe,307,Recent,1.20477,0.085145,0.02524,Ericaceae,male,0.592953,1.190365
Lycaenidae,Lycaena_epixanthe,308,Recent,1.20477,0.085145,0.02524,Ericaceae,female,0.556398,1.175257
Lycaenidae,Lycaena_epixanthe,309,Recent,1.20477,0.085145,0.02524,Ericaceae,female,0.535986,1.191902
Lycaenidae,Lycaena_epixanthe,310,Recent,1.20477,0.085145,0.02524,Ericaceae,male,0.6457875,1.208096
Lycaenidae,Lycaena_epixanthe,311,Recent,1.20477,0.085145,0.02524,Ericaceae,male,0.6465945,1.234301
Lycaenidae,Lycaena_epixanthe,312,Recent,1.20477,0.085145,0.02524,Ericaceae,female,0.5878295,1.237955
Lycaenidae,Lycaena_epixanthe,313,Recent,1.20477,0.085145,0.02524,Ericaceae,male,0.6581175,1.264829
Lycaenidae,Lycaena_epixanthe,314,Recent,1.20477,0.085145,0.02524,Ericaceae,female,0.536294,1.106339
Nymphalidae,Marpesia_petreus,249,Ancient,2.37409,0.107714,0.09342,Moraceae,male,,3.795148
Nymphalidae,Marpesia_petreus,250,Ancient,2.37409,0.107714,0.09342,Moraceae,male,,3.519936
Nymphalidae,Marpesia_petreus,251,Ancient,2.37409,0.107714,0.09342,Moraceae,male,1.3896325,3.873639
Nymphalidae,Marpesia_petreus,252,Ancient,2.37409,0.107714,0.09342,Moraceae,male,1.3733645,3.696765
Nymphalidae,Marpesia_petreus,253,Ancient,2.37409,0.107714,0.09342,Moraceae,male,1.319549,4.092987
Hesperidae,Megathymus_yuccae,449,Ancient,2.62101,0.280253,0.04079,Asparagaceae,female,1.0456285,3.065355
Hesperidae,Megathymus_yuccae,450,Ancient,2.62101,0.280253,0.04079,Asparagaceae,male,1.20476,2.609007
Hesperidae,Megathymus_yuccae,451,Ancient,2.62101,0.280253,0.04079,Asparagaceae,male,1.21193,2.627396
Nymphalidae,Mestra_amymone,424,Ancient,2.32015,0.165018,0.13081,Euphorbiaceae,female,0.7356005,1.896303
Nymphalidae,Mestra_amymone,425,Ancient,2.32015,0.165018,0.13081,Euphorbiaceae,female,0.802556,2.030942
Nymphalidae,Mestra_amymone,426,Ancient,2.32015,0.165018,0.13081,Euphorbiaceae,male,0.687541,2.223514
Nymphalidae,Mestra_amymone,427,Ancient,2.32015,0.165018,0.13081,Euphorbiaceae,female,,2.000158
Nymphalidae,Mestra_amymone,428,Ancient,2.32015,0.165018,0.13081,Euphorbiaceae,male,,2.080013
Nymphalidae,Mestra_amymone,429,Ancient,2.32015,0.165018,0.13081,Euphorbiaceae,female,0.799614,2.112266
Nymphalidae,Mestra_amymone,430,Ancient,2.32015,0.165018,0.13081,Euphorbiaceae,male,0.821308,2.233123
Nymphalidae,Mestra_amymone,431,Ancient,2.32015,0.165018,0.13081,Euphorbiaceae,female,,2.19219
Nymphalidae,Mestra_amymone,432,Ancient,2.32015,0.165018,0.13081,Euphorbiaceae,female,0.709507,2.023289
Nymphalidae,Mestra_amymone,433,Ancient,2.32015,0.165018,0.13081,Euphorbiaceae,male,,2.123497
Nymphalidae,Mestra_amymone,434,Ancient,2.32015,0.165018,0.13081,Euphorbiaceae,male,0.712309,2.047481
Nymphalidae,Mestra_amymone,435,Ancient,2.32015,0.165018,0.13081,Euphorbiaceae,female,0.7540905,1.943183
Nymphalidae,Mestra_amymone,436,Ancient,2.32015,0.165018,0.13081,Euphorbiaceae,male,0.7086625,2.277843
Nymphalidae,Mestra_amymone,437,Ancient,2.32015,0.165018,0.13081,Euphorbiaceae,male,0.67469,2.016712
Nymphalidae,Mestra_amymone,438,Ancient,2.32015,0.165018,0.13081,Euphorbiaceae,male,0.7646605,2.364343
Nymphalidae,Mestra_amymone,439,Ancient,2.32015,0.165018,0.13081,Euphorbiaceae,female,,1.987062
Pieridae,Nathalis_iole,199,Ancient,2.16872,0.208676,0.03387,Asteraceae,female,0.548947,1.514097
Pieridae,Nathalis_iole,200,Ancient,2.16872,0.208676,0.03387,Asteraceae,female,0.612212,1.583358
Pieridae,Nathalis_iole,201,Ancient,2.16872,0.208676,0.03387,Asteraceae,female,0.577733,1.438614
Pieridae,Nathalis_iole,202,Ancient,2.16872,0.208676,0.03387,Asteraceae,female,0.6060515,1.384572
Pieridae,Nathalis_iole,203,Ancient,2.16872,0.208676,0.03387,Asteraceae,male,0.668386,1.424212
Pieridae,Nathalis_iole,204,Ancient,2.16872,0.208676,0.03387,Asteraceae,male,0.5695945,1.513613
Pieridae,Nathalis_iole,205,Ancient,2.16872,0.208676,0.03387,Asteraceae,male,0.6526165,1.335821
Pieridae,Nathalis_iole,206,Ancient,2.16872,0.208676,0.03387,Asteraceae,male,0.6608085,1.263927
Pieridae,Neophasia_menapia,175,Ancient,1.22446,0.130829,0.02399,Pinaceae,male,0.8676365,2.630308
Pieridae,Neophasia_menapia,176,Ancient,1.22446,0.130829,0.02399,Pinaceae,female,0.7008875,2.588574
Pieridae,Neophasia_menapia,177,Ancient,1.22446,0.130829,0.02399,Pinaceae,female,0.666935,2.488828
Pieridae,Neophasia_menapia,178,Ancient,1.22446,0.130829,0.02399,Pinaceae,male,0.871581,2.946867
Pieridae,Neophasia_menapia,179,Ancient,1.22446,0.130829,0.02399,Pinaceae,male,0.815215,2.545542
Pieridae,Neophasia_menapia,180,Ancient,1.22446,0.130829,0.02399,Pinaceae,female,0.7564135,2.499417
Pieridae,Neophasia_menapia,181,Ancient,1.22446,0.130829,0.02399,Pinaceae,male,0.865095,2.215926
Pieridae,Neophasia_menapia,182,Ancient,1.22446,0.130829,0.02399,Pinaceae,male,0.75797,2.495009
Nymphalidae,Nymphalis_vaualbum,116,Recent,2.27424,0.16885725,0.027645,Salicaceae,male,1.162445,3.60589
Nymphalidae,Nymphalis_vaualbum,117,Recent,2.27424,0.16885725,0.027645,Salicaceae,male,,3.431188
Nymphalidae,Nymphalis_vaualbum,118,Recent,2.27424,0.16885725,0.027645,Salicaceae,male,1.39514,3.335199
Nymphalidae,Nymphalis_vaualbum,119,Recent,2.27424,0.16885725,0.027645,Salicaceae,male,1.29854,3.310981
Nymphalidae,Nymphalis_vaualbum,120,Recent,2.27424,0.16885725,0.027645,Salicaceae,male,1.244445,3.553339
Nymphalidae,Nymphalis_vaualbum,121,Recent,2.27424,0.16885725,0.027645,Salicaceae,male,1.275675,3.502196
Papilionidae,Papilio_cresphontes,42,Recent,2.4881,0.138462,0.07823,Rutaceae,male,1.696543,5.911719
Papilionidae,Papilio_cresphontes,43,Recent,2.4881,0.138462,0.07823,Rutaceae,male,1.4209035,5.462167
Papilionidae,Papilio_cresphontes,44,Recent,2.4881,0.138462,0.07823,Rutaceae,male,1.665186,
Papilionidae,Papilio_cresphontes,45,Recent,2.4881,0.138462,0.07823,Rutaceae,female,1.5024795,6.327259
Papilionidae,Papilio_cresphontes,46,Recent,2.4881,0.138462,0.07823,Rutaceae,female,1.6900595,6.525695
Papilionidae,Papilio_cresphontes,47,Recent,2.4881,0.138462,0.07823,Rutaceae,female,1.7154605,7.303003
Papilionidae,Papilio_polyxenes,234,Recent,2.578,0.293,0.13011,Apiaceae,male,,3.574889
Papilionidae,Papilio_polyxenes,235,Recent,2.578,0.293,0.13011,Apiaceae,male,1.355393,3.798026
Papilionidae,Papilio_polyxenes,236,Recent,2.578,0.293,0.13011,Apiaceae,female,1.348745,5.01012
Papilionidae,Papilio_polyxenes,237,Recent,2.578,0.293,0.13011,Apiaceae,male,1.24717,3.578067
Papilionidae,Papilio_polyxenes,238,Recent,2.578,0.293,0.13011,Apiaceae,female,1.3061735,4.67946
Papilionidae,Papilio_polyxenes,239,Recent,2.578,0.293,0.13011,Apiaceae,female,1.2774,4.353538
Papilionidae,Papilio_polyxenes,240,Recent,2.578,0.293,0.13011,Apiaceae,male,1.661646,5.055222
Papilionidae,Papilio_polyxenes,241,Recent,2.578,0.293,0.13011,Apiaceae,male,1.644111,5.211297
Papilionidae,Papilio_troilus,36,Ancient,1.50144,0.0953202,0.048738,Lauraceae,male,1.3892895,4.505313
Papilionidae,Papilio_troilus,37,Ancient,1.50144,0.0953202,0.048738,Lauraceae,male,,4.192602
Papilionidae,Papilio_troilus,38,Ancient,1.50144,0.0953202,0.048738,Lauraceae,male,1.5002515,5.462691
Papilionidae,Papilio_troilus,39,Ancient,1.50144,0.0953202,0.048738,Lauraceae,female,1.3170815,
Papilionidae,Papilio_troilus,40,Ancient,1.50144,0.0953202,0.048738,Lauraceae,female,1.2910245,5.123053
Papilionidae,Papilio_troilus,41,Ancient,1.50144,0.0953202,0.048738,Lauraceae,female,1.2574675,4.970836
Papilionidae,Parnassius_clodius,21,Recent,2.99333,0.313333,,Fumariaceae,female,0.9270385,2.924421
Papilionidae,Parnassius_clodius,22,Recent,2.99333,0.313333,,Fumariaceae,female,0.9424225,3.201938
Papilionidae,Parnassius_clodius,23,Recent,2.99333,0.313333,,Fumariaceae,female,,3.349624
Papilionidae,Parnassius_clodius,31,Recent,2.99333,0.313333,,Fumariaceae,male,1.038653,3.833665
Papilionidae,Parnassius_clodius,32,Recent,2.99333,0.313333,,Fumariaceae,male,1.014324,3.422713
Papilionidae,Parnassius_clodius,33,Recent,2.99333,0.313333,,Fumariaceae,male,1.0089425,3.354727
Papilionidae,Parnassius_clodius,34,Recent,2.99333,0.313333,,Fumariaceae,female,0.7700455,3.380094
Papilionidae,Parnassius_clodius,35,Recent,2.99333,0.313333,,Fumariaceae,female,0.809455,2.88038
Papilionidae,Parnassius_smintheus,15,Ancient,1.66333,0.136667,0.0506,Crassulaceae,male,0.88502,3.12792
Papilionidae,Parnassius_smintheus,16,Ancient,1.66333,0.136667,0.0506,Crassulaceae,male,0.867445,3.262235
Papilionidae,Parnassius_smintheus,17,Ancient,1.66333,0.136667,0.0506,Crassulaceae,male,0.882949,2.872635
Papilionidae,Parnassius_smintheus,18,Ancient,1.66333,0.136667,0.0506,Crassulaceae,female,0.7120735,2.737189
Papilionidae,Parnassius_smintheus,19,Ancient,1.66333,0.136667,0.0506,Crassulaceae,female,0.794797,3.391376
Papilionidae,Parnassius_smintheus,20,Ancient,1.66333,0.136667,0.0506,Crassulaceae,female,0.6752315,2.834763
Nymphalidae,Phyciodes_graphica,416,Recent,3.3274,0.145615,0.0531,Acanthaceae,male,,1.369152
Nymphalidae,Phyciodes_graphica,417,Recent,3.3274,0.145615,0.0531,Acanthaceae,female,,1.246588
Nymphalidae,Phyciodes_graphica,418,Recent,3.3274,0.145615,0.0531,Acanthaceae,male,,1.173766
Nymphalidae,Phyciodes_phaon,54,Recent,1.27667,0.236667,0.052,Verbenaceae,male,0.687529,1.585767
Nymphalidae,Phyciodes_phaon,55,Recent,1.27667,0.236667,0.052,Verbenaceae,male,0.802903,1.505071
Nymphalidae,Phyciodes_phaon,56,Recent,1.27667,0.236667,0.052,Verbenaceae,male,,1.570981
Nymphalidae,Phyciodes_phaon,57,Recent,1.27667,0.236667,0.052,Verbenaceae,female,0.818746,1.480487
Nymphalidae,Phyciodes_phaon,58,Recent,1.27667,0.236667,0.052,Verbenaceae,female,0.7083945,1.463611
Nymphalidae,Phyciodes_phaon,59,Recent,1.27667,0.236667,0.052,Verbenaceae,female,0.6265425,1.557809
Nymphalidae,Phyciodes_tharos,48,Ancient,2.16872,0.208676,0.03387,Asteraceae,male,,
Nymphalidae,Phyciodes_tharos,49,Ancient,2.16872,0.208676,0.03387,Asteraceae,female,0.7643705,1.801729
Nymphalidae,Phyciodes_tharos,50,Ancient,2.16872,0.208676,0.03387,Asteraceae,female,0.7880375,1.72024
Nymphalidae,Phyciodes_tharos,51,Ancient,2.16872,0.208676,0.03387,Asteraceae,male,0.727145,1.772659
Nymphalidae,Phyciodes_tharos,52,Ancient,2.16872,0.208676,0.03387,Asteraceae,male,0.8896575,1.837071
Nymphalidae,Phyciodes_tharos,53,Ancient,2.16872,0.208676,0.03387,Asteraceae,female,0.912746,1.548097
Pieridae,Pieris_rapae,533_1,Ancient,3.447490435,0.380597913,0.406262174,Brassicaceae,male,0.89987,2.39304
Pieridae,Pieris_rapae,534_3,Ancient,3.447490435,0.380597913,0.406262174,Brassicaceae,male,1.012955,2.456277
Pieridae,Pieris_rapae,535_7,Ancient,3.447490435,0.380597913,0.406262174,Brassicaceae,male,0.89364,2.327059
Pieridae,Pieris_rapae,536_11,Ancient,3.447490435,0.380597913,0.406262174,Brassicaceae,male,0.927365,2.366328
Pieridae,Pieris_rapae,537_14,Ancient,3.447490435,0.380597913,0.406262174,Brassicaceae,male,0.747315,1.966452
Pieridae,Pieris_rapae,538_17,Ancient,3.447490435,0.380597913,0.406262174,Brassicaceae,male,0.89738,2.489446
Pieridae,Pieris_rapae,539_21,Ancient,3.447490435,0.380597913,0.406262174,Brassicaceae,male,0.91611,2.431562
Pieridae,Pieris_rapae,540_24,Ancient,3.447490435,0.380597913,0.406262174,Brassicaceae,male,0.86528,2.334352
Lycaenidae,Plebejus_glandon,167,Recent,1.5831,0.112609,0.23549,Primulaceae,female,0.4938595,0.998515
Lycaenidae,Plebejus_glandon,168,Recent,1.5831,0.112609,0.23549,Primulaceae,female,0.5266245,1.067794
Lycaenidae,Plebejus_glandon,169,Recent,1.5831,0.112609,0.23549,Primulaceae,female,0.606624,1.219032
Lycaenidae,Plebejus_glandon,170,Recent,1.5831,0.112609,0.23549,Primulaceae,male,0.5682585,1.108204
Lycaenidae,Plebejus_glandon,171,Recent,1.5831,0.112609,0.23549,Primulaceae,male,0.5380385,1.049286
Lycaenidae,Plebejus_glandon,172,Recent,1.5831,0.112609,0.23549,Primulaceae,male,0.6360785,1.27132
Lycaenidae,Plebejus_idas,254,Recent,1.20477,0.085145,0.02524,Ericaceae,male,0.614336,1.402971
Lycaenidae,Plebejus_idas,255,Recent,1.20477,0.085145,0.02524,Ericaceae,male,0.5207085,1.360496
Lycaenidae,Plebejus_idas,256,Recent,1.20477,0.085145,0.02524,Ericaceae,female,0.483445,1.211638
Lycaenidae,Plebejus_idas,257,Recent,1.20477,0.085145,0.02524,Ericaceae,male,0.578067,1.250957
Lycaenidae,Plebejus_idas,258,Recent,1.20477,0.085145,0.02524,Ericaceae,male,0.5737535,1.270384
Lycaenidae,Plebejus_idas,259,Recent,1.20477,0.085145,0.02524,Ericaceae,female,0.5252505,1.421991
Lycaenidae,Plebejus_idas,260,Recent,1.20477,0.085145,0.02524,Ericaceae,female,0.5239615,1.381409
Lycaenidae,Plebejus_idas,261,Recent,1.20477,0.085145,0.02524,Ericaceae,female,0.5274785,1.336513
Lycaenidae,Plebejus_saepiolus,125,Ancient,2.83388,0.148494,0.02783,Fabaceae,male,0.7006155,1.463243
Lycaenidae,Plebejus_saepiolus,126,Ancient,2.83388,0.148494,0.02783,Fabaceae,male,0.658436,1.474936
Lycaenidae,Plebejus_saepiolus,127,Ancient,2.83388,0.148494,0.02783,Fabaceae,male,0.678828,1.418107
Lycaenidae,Plebejus_saepiolus,128,Ancient,2.83388,0.148494,0.02783,Fabaceae,female,0.554414,1.360277
Lycaenidae,Plebejus_saepiolus,129,Ancient,2.83388,0.148494,0.02783,Fabaceae,female,0.587445,1.323351
Lycaenidae,Plebejus_saepiolus,130,Ancient,2.83388,0.148494,0.02783,Fabaceae,female,0.543043,1.401004
Nymphalidae,Polygonia_comma,66,Ancient,3.121192,0.2597968,0.318936,Urticaceae,female,0.955605,2.381222
Nymphalidae,Polygonia_comma,67,Ancient,3.121192,0.2597968,0.318936,Urticaceae,male,,2.579642
Nymphalidae,Polygonia_comma,68,Ancient,3.121192,0.2597968,0.318936,Urticaceae,female,,2.805172
Nymphalidae,Polygonia_comma,69,Ancient,3.121192,0.2597968,0.318936,Urticaceae,female,1.05255,2.503711
Nymphalidae,Polygonia_comma,70,Ancient,3.121192,0.2597968,0.318936,Urticaceae,female,0.93837,2.439666
Nymphalidae,Polygonia_comma,71,Ancient,3.121192,0.2597968,0.318936,Urticaceae,male,,2.443754
Nymphalidae,Polygonia_faunus,373,Recent,1.988386667,0.1725155,0.024446667,Salicaceae,female,0.937229,2.354051
Nymphalidae,Polygonia_faunus,374,Recent,1.988386667,0.1725155,0.024446667,Salicaceae,female,1.0201615,2.42184
Nymphalidae,Polygonia_faunus,375,Recent,1.988386667,0.1725155,0.024446667,Salicaceae,female,0.964501,2.41389
Nymphalidae,Polygonia_faunus,376,Recent,1.988386667,0.1725155,0.024446667,Salicaceae,female,0.95312,2.355716
Nymphalidae,Polygonia_faunus,377,Recent,1.988386667,0.1725155,0.024446667,Salicaceae,male,0.973669,2.113514
Nymphalidae,Polygonia_faunus,378,Recent,1.988386667,0.1725155,0.024446667,Salicaceae,female,0.9379195,2.166666
Nymphalidae,Polygonia_faunus,379,Recent,1.988386667,0.1725155,0.024446667,Salicaceae,female,0.8686285,2.260812
Nymphalidae,Polygonia_faunus,380,Recent,1.988386667,0.1725155,0.024446667,Salicaceae,female,0.9655335,2.188357
Nymphalidae,Polygonia_faunus,381,Recent,1.988386667,0.1725155,0.024446667,Salicaceae,female,1.0450155,2.447075
Nymphalidae,Polygonia_faunus,382,Recent,1.988386667,0.1725155,0.024446667,Salicaceae,female,0.9273745,2.408019
Nymphalidae,Polygonia_faunus,383,Recent,1.988386667,0.1725155,0.024446667,Salicaceae,female,0.9449505,2.321011
Nymphalidae,Polygonia_faunus,384,Recent,1.988386667,0.1725155,0.024446667,Salicaceae,female,1.0548075,2.396581
Nymphalidae,Polygonia_faunus,385,Recent,1.988386667,0.1725155,0.024446667,Salicaceae,male,0.997461,2.391324
Nymphalidae,Polygonia_faunus,386,Recent,1.988386667,0.1725155,0.024446667,Salicaceae,male,0.921402,2.248815
Nymphalidae,Polygonia_progne,60,Recent,1.60072,0.1745125,0.01403,Grossulariaceae,male,0.8676715,2.256071
Nymphalidae,Polygonia_progne,61,Recent,1.60072,0.1745125,0.01403,Grossulariaceae,male,0.8372965,2.335209
Nymphalidae,Polygonia_progne,62,Recent,1.60072,0.1745125,0.01403,Grossulariaceae,male,0.8872535,2.364651
Nymphalidae,Polygonia_progne,63,Recent,1.60072,0.1745125,0.01403,Grossulariaceae,female,0.8757945,2.615149
Nymphalidae,Polygonia_progne,64,Recent,1.60072,0.1745125,0.01403,Grossulariaceae,female,0.828948,2.139345
Nymphalidae,Polygonia_progne,65,Recent,1.60072,0.1745125,0.01403,Grossulariaceae,female,0.858349,2.496634
Hesperidae,Pyrgus_centaureae,161,Recent,2.12128,0.202715,0.04175,Rosaceae,male,0.702813,1.316474
Hesperidae,Pyrgus_centaureae,162,Recent,2.12128,0.202715,0.04175,Rosaceae,male,0.709777,1.42212
Hesperidae,Pyrgus_centaureae,163,Recent,2.12128,0.202715,0.04175,Rosaceae,male,0.6739125,1.225511
Hesperidae,Pyrgus_centaureae,164,Recent,2.12128,0.202715,0.04175,Rosaceae,female,0.655844,1.38377
Hesperidae,Pyrgus_centaureae,165,Recent,2.12128,0.202715,0.04175,Rosaceae,female,,1.38377
Hesperidae,Pyrgus_centaureae,166,Recent,2.12128,0.202715,0.04175,Rosaceae,female,0.6337565,1.357082
Hesperidae,Pyrgus_communis,155,Ancient,2.64054,0.199161,0.23809,Malvaceae,male,0.780445,1.399099
Hesperidae,Pyrgus_communis,155,Ancient,2.64054,0.199161,0.23809,Malvaceae,male,,1.350097
Hesperidae,Pyrgus_communis,156,Ancient,2.64054,0.199161,0.23809,Malvaceae,male,0.781362,1.303858
Hesperidae,Pyrgus_communis,158,Ancient,2.64054,0.199161,0.23809,Malvaceae,female,0.717303,1.454341
Hesperidae,Pyrgus_communis,159,Ancient,2.64054,0.199161,0.23809,Malvaceae,female,0.730694,1.3551
Hesperidae,Pyrgus_communis,160,Ancient,2.64054,0.199161,0.23809,Malvaceae,female,0.7656445,1.413037
Lycaenidae,Satyrium_acadica,72,Recent,2.20814,0.171816,0.02502,Salicaceae,female,0.585092,1.51143
Lycaenidae,Satyrium_acadica,73,Recent,2.20814,0.171816,0.02502,Salicaceae,female,0.57426,1.38982
Lycaenidae,Satyrium_acadica,74,Recent,2.20814,0.171816,0.02502,Salicaceae,female,0.6477565,1.63142
Lycaenidae,Satyrium_acadica,75,Recent,2.20814,0.171816,0.02502,Salicaceae,male,0.6793165,1.556661
Lycaenidae,Satyrium_acadica,76,Recent,2.20814,0.171816,0.02502,Salicaceae,male,,1.445668
Lycaenidae,Satyrium_acadica,77,Recent,2.20814,0.171816,0.02502,Salicaceae,male,0.619203,1.423995
Lycaenidae,Satyrium_calanus,78,Recent,1.788128333,0.131824167,0.04324,Fagaceae,male,0.698883,1.404856
Lycaenidae,Satyrium_calanus,79,Recent,1.788128333,0.131824167,0.04324,Fagaceae,male,,1.359905
Lycaenidae,Satyrium_calanus,80,Recent,1.788128333,0.131824167,0.04324,Fagaceae,male,0.7130365,1.478988
Lycaenidae,Satyrium_calanus,81,Recent,1.788128333,0.131824167,0.04324,Fagaceae,female,0.540784,1.283499
Lycaenidae,Satyrium_calanus,82,Recent,1.788128333,0.131824167,0.04324,Fagaceae,female,0.533183,1.425618
Lycaenidae,Satyrium_calanus,83,Recent,1.788128333,0.131824167,0.04324,Fagaceae,female,0.6011575,1.38049
Lycaenidae,Satyrium_edwardsii,400,Recent,1.66129,0.115029,0.02668,Fagaceae,female,0.644455,1.487717
Lycaenidae,Satyrium_edwardsii,401,Recent,1.66129,0.115029,0.02668,Fagaceae,female,0.6649075,1.542025
Lycaenidae,Satyrium_edwardsii,402,Recent,1.66129,0.115029,0.02668,Fagaceae,female,0.6803545,1.731409
Lycaenidae,Satyrium_edwardsii,403,Recent,1.66129,0.115029,0.02668,Fagaceae,female,0.644213,1.541966
Lycaenidae,Satyrium_edwardsii,404,Recent,1.66129,0.115029,0.02668,Fagaceae,male,0.776932,1.468725
Lycaenidae,Satyrium_edwardsii,405,Recent,1.66129,0.115029,0.02668,Fagaceae,male,0.674271,1.303557
Lycaenidae,Satyrium_edwardsii,406,Recent,1.66129,0.115029,0.02668,Fagaceae,male,0.722228,1.441705
Lycaenidae,Satyrium_edwardsii,407,Recent,1.66129,0.115029,0.02668,Fagaceae,male,0.653268,1.244743
Lycaenidae,Satyrium_saepium,419,Recent,2.13208,0.130332,0.18007,Rhamnaceae,male,0.866154,1.487946
Lycaenidae,Satyrium_saepium,420,Recent,2.13208,0.130332,0.18007,Rhamnaceae,male,0.7321105,1.270335
Lycaenidae,Satyrium_saepium,421,Recent,2.13208,0.130332,0.18007,Rhamnaceae,male,0.874203,1.478392
Lycaenidae,Satyrium_saepium,422,Recent,2.13208,0.130332,0.18007,Rhamnaceae,male,0.8018255,1.520132
Lycaenidae,Satyrium_saepium,423,Recent,2.13208,0.130332,0.18007,Rhamnaceae,male,0.848549,1.469591
Nymphalidae,Speyeria_cybele,335,Ancient,2.69353,0.254557,0.0245,Violaceae,male,1.5679265,3.345
Nymphalidae,Speyeria_cybele,336,Ancient,2.69353,0.254557,0.0245,Violaceae,male,1.4556685,3.234
Nymphalidae,Speyeria_cybele,337,Ancient,2.69353,0.254557,0.0245,Violaceae,female,1.2370985,3.334
Nymphalidae,Speyeria_cybele,338,Ancient,2.69353,0.254557,0.0245,Violaceae,male,1.481349,3.424
Nymphalidae,Speyeria_cybele,339,Ancient,2.69353,0.254557,0.0245,Violaceae,male,1.3560365,2.974
Nymphalidae,Speyeria_cybele,441,Ancient,2.69353,0.254557,0.0245,Violaceae,female,1.3894285,3.584067
Nymphalidae,Speyeria_cybele,442,Ancient,2.69353,0.254557,0.0245,Violaceae,female,1.501823,3.770813
Nymphalidae,Speyeria_cybele,443,Ancient,2.69353,0.254557,0.0245,Violaceae,female,1.40486,3.681103
Hesperidae,Staphylus_hayhurstii,444,Ancient,2.50573,0.177828,0.44992,Chenopodiaceae,male,0.665993,1.191136
Hesperidae,Staphylus_hayhurstii,445,Ancient,2.50573,0.177828,0.44992,Chenopodiaceae,male,0.608511,1.190952
Hesperidae,Staphylus_hayhurstii,446,Ancient,2.50573,0.177828,0.44992,Chenopodiaceae,male,0.6104115,1.204924
Hesperidae,Staphylus_hayhurstii,447,Ancient,2.50573,0.177828,0.44992,Chenopodiaceae,male,0.587711,1.270959
Hesperidae,Thorybes_pylades,475,Ancient,2.83388,0.148494,0.02783,Fabaceae,male,0.9026055,1.682358
Hesperidae,Thorybes_pylades,476,Ancient,2.83388,0.148494,0.02783,Fabaceae,female,0.9006275,2.096958
Hesperidae,Thorybes_pylades,477,Ancient,2.83388,0.148494,0.02783,Fabaceae,female,0.9579425,2.022189
Hesperidae,Thorybes_pylades,478,Ancient,2.83388,0.148494,0.02783,Fabaceae,female,0.8638615,1.81005
Hesperidae,Thorybes_pylades,479,Ancient,2.83388,0.148494,0.02783,Fabaceae,female,0.869038,2.001796
Hesperidae,Thorybes_pylades,480,Ancient,2.83388,0.148494,0.02783,Fabaceae,male,0.8860005,1.854447
Hesperidae,Thorybes_pylades,481,Ancient,2.83388,0.148494,0.02783,Fabaceae,male,0.838472,1.519556
Hesperidae,Thorybes_pylades,482,Ancient,2.83388,0.148494,0.02783,Fabaceae,male,0.805004,1.810909
Hesperidae,Urbanus_procne,452,Recent,1.77674,0.159897,0.0395,Poaceae,male,1.032342,2.161983
Hesperidae,Urbanus_procne,453,Recent,1.77674,0.159897,0.0395,Poaceae,male,,2.172792
Hesperidae,Urbanus_procne,454,Recent,1.77674,0.159897,0.0395,Poaceae,male,1.0469365,2.294908
Hesperidae,Urbanus_procne,455,Recent,1.77674,0.159897,0.0395,Poaceae,male,1.109486,2.409783
Hesperidae,Urbanus_procne,456,Recent,1.77674,0.159897,0.0395,Poaceae,male,1.102182,2.121326
Hesperidae,Urbanus_procne,457,Recent,1.77674,0.159897,0.0395,Poaceae,male,1.029161,2.16565
Hesperidae,Urbanus_proteus,493,Ancient,2.83388,0.148494,0.02783,Fabaceae,male,1.0734885,2.28681
Hesperidae,Urbanus_proteus,494,Ancient,2.83388,0.148494,0.02783,Fabaceae,NA,1.0543655,2.223171
Hesperidae,Urbanus_proteus,495,Ancient,2.83388,0.148494,0.02783,Fabaceae,male,1.147135,2.51107
Hesperidae,Urbanus_proteus,496,Ancient,2.83388,0.148494,0.02783,Fabaceae,female,1.1738345,2.401767
Hesperidae,Urbanus_proteus,497,Ancient,2.83388,0.148494,0.02783,Fabaceae,female,1.077099,2.34101
Hesperidae,Urbanus_proteus,498,Ancient,2.83388,0.148494,0.02783,Fabaceae,female,1.0829195,2.414777
Hesperidae,Urbanus_proteus,499,Ancient,2.83388,0.148494,0.02783,Fabaceae,male,1.071372,2.15863
Hesperidae,Urbanus_proteus,500,Ancient,2.83388,0.148494,0.02783,Fabaceae,male,1.0248535,2.166004
Hesperidae,Urbanus_proteus,501,Ancient,2.83388,0.148494,0.02783,Fabaceae,male,1.0205715,2.540926
Hesperidae,Urbanus_proteus,502,Ancient,2.83388,0.148494,0.02783,Fabaceae,male,1.061204,2.342101
Nymphalidae,Vanessa_annabella,357,Recent,2.727143333,0.213259,0.26825,Malvaceae,male,0.963904,2.61
Nymphalidae,Vanessa_annabella,358,Recent,2.727143333,0.213259,0.26825,Malvaceae,male,1.1683145,2.233
Nymphalidae,Vanessa_annabella,359,Recent,2.727143333,0.213259,0.26825,Malvaceae,male,1.030575,2.213
Nymphalidae,Vanessa_annabella,360,Recent,2.727143333,0.213259,0.26825,Malvaceae,male,1.181734,2.631
Nymphalidae,Vanessa_annabella,361,Recent,2.727143333,0.213259,0.26825,Malvaceae,male,0.928153,2.326
Nymphalidae,Vanessa_annabella,362,Recent,2.727143333,0.213259,0.26825,Malvaceae,male,1.0403955,2.618
Nymphalidae,Vanessa_annabella,363,Recent,2.727143333,0.213259,0.26825,Malvaceae,male,1.0534895,2.45
Nymphalidae,Vanessa_annabella,364,Recent,2.727143333,0.213259,0.26825,Malvaceae,male,1.0170775,2.507
Nymphalidae,Vanessa_annabella,365,Recent,2.727143333,0.213259,0.26825,Malvaceae,female,0.9701335,2.101
Nymphalidae,Vanessa_atalanta,137,Ancient,3.334498571,0.302362,0.442431429,Urticaceae,female,1.3601535,3.021643
Nymphalidae,Vanessa_atalanta,138,Ancient,3.334498571,0.302362,0.442431429,Urticaceae,female,1.1374385,2.876325
Nymphalidae,Vanessa_atalanta,139,Ancient,3.334498571,0.302362,0.442431429,Urticaceae,male,1.207062,2.987509
Nymphalidae,Vanessa_atalanta,140,Ancient,3.334498571,0.302362,0.442431429,Urticaceae,male,1.361038,3.186667
Nymphalidae,Vanessa_atalanta,141,Ancient,3.334498571,0.302362,0.442431429,Urticaceae,female,1.168227,2.851245
Nymphalidae,Vanessa_atalanta,142,Ancient,3.334498571,0.302362,0.442431429,Urticaceae,male,1.2758755,3.081063
Nymphalidae,Vanessa_virginiensis,131,Recent,2.279844,0.21641015,0.092982941,Asteraceae,female,1.1169815,2.683761
Nymphalidae,Vanessa_virginiensis,132,Recent,2.279844,0.21641015,0.092982941,Asteraceae,male,1.2009235,2.68094
Nymphalidae,Vanessa_virginiensis,133,Recent,2.279844,0.21641015,0.092982941,Asteraceae,male,1.1440145,2.94018
Nymphalidae,Vanessa_virginiensis,134,Recent,2.279844,0.21641015,0.092982941,Asteraceae,female,1.2069295,2.605597
Nymphalidae,Vanessa_virginiensis,135,Recent,2.279844,0.21641015,0.092982941,Asteraceae,female,1.204559,2.543538
Nymphalidae,Vanessa_virginiensis,136,Recent,2.279844,0.21641015,0.092982941,Asteraceae,male,1.193314,2.668628
