Family,Species,Individual,Timing,N family level,P family level,Na family level,Principal host family,Sex,Wing length,Number of mature eggs,Genitalia area
Nymphalidae,Adelpha_bredowii,292,Recent,1.66129,0.115029,0.02668,Fagaceae,F,4.55373,12,1.901222
Nymphalidae,Adelpha_bredowii,293,Recent,1.66129,0.115029,0.02668,Fagaceae,F,4.938946,9,2.585705
Nymphalidae,Adelpha_bredowii,630,Recent,1.66129,0.115029,0.02668,Fagaceae,F,3.85028,,
Nymphalidae,Adelpha_bredowii,290,Recent,1.66129,0.115029,0.02668,Fagaceae,M,4.078792,,1.521296
Nymphalidae,Adelpha_bredowii,291,Recent,1.66129,0.115029,0.02668,Fagaceae,M,4.082369,,2.681767
Nymphalidae,Adelpha_bredowii,294,Recent,1.66129,0.115029,0.02668,Fagaceae,M,3.982064,,1.316992
Nymphalidae,Adelpha_bredowii,629,Recent,1.66129,0.115029,0.02668,Fagaceae,M,3.330342,,1.614803
Nymphalidae,Adelpha_bredowii,642,Recent,1.66129,0.115029,0.02668,Fagaceae,M,3.528361,,1.166491
Nymphalidae,Adelpha_bredowii,643,Recent,1.66129,0.115029,0.02668,Fagaceae,M,3.380384,,
Nymphalidae,Aglais_milberti,467,Ancient,3.41997,0.326043,0.50953,Urticaceae,M,2.625546,,
Nymphalidae,Aglais_milberti,468,Ancient,3.41997,0.326043,0.50953,Urticaceae,M,2.42785,,
Nymphalidae,Aglais_milberti,469,Ancient,3.41997,0.326043,0.50953,Urticaceae,M,2.364702,,
Nymphalidae,Aglais_milberti,470,Ancient,3.41997,0.326043,0.50953,Urticaceae,M,2.25454,,
Nymphalidae,Agraulis_vanillae,659,Ancient,3.1027,0.131691,0.57705,Passifloraceae,F,4.033864,11,
Nymphalidae,Agraulis_vanillae,661,Ancient,3.1027,0.131691,0.57705,Passifloraceae,F,3.615314,47,
Nymphalidae,Agraulis_vanillae,663,Ancient,3.1027,0.131691,0.57705,Passifloraceae,F,3.664105,47,
Nymphalidae,Agraulis_vanillae,664,Ancient,3.1027,0.131691,0.57705,Passifloraceae,F,3.542668,39,
Nymphalidae,Agraulis_vanillae,665,Ancient,3.1027,0.131691,0.57705,Passifloraceae,F,4.038646,69,
Nymphalidae,Agraulis_vanillae,667,Ancient,3.1027,0.131691,0.57705,Passifloraceae,F,3.935535,46,
Nymphalidae,Agraulis_vanillae,668,Ancient,3.1027,0.131691,0.57705,Passifloraceae,F,3.632372,30,
Nymphalidae,Agraulis_vanillae,660,Ancient,3.1027,0.131691,0.57705,Passifloraceae,M,3.539593,,
Nymphalidae,Agraulis_vanillae,662,Ancient,3.1027,0.131691,0.57705,Passifloraceae,M,3.708935,,
Nymphalidae,Agraulis_vanillae,666,Ancient,3.1027,0.131691,0.57705,Passifloraceae,M,3.606376,,
Hesperiidae,Ancyloxypha_numitor,383,Ancient,1.77674,0.159897,0.0395,Poaceae,F,1.143732,30,
Hesperiidae,Ancyloxypha_numitor,384,Ancient,1.77674,0.159897,0.0395,Poaceae,F,1.255655,27,0.264319
Hesperiidae,Ancyloxypha_numitor,385,Ancient,1.77674,0.159897,0.0395,Poaceae,F,1.097182,17,0.276564
Hesperiidae,Ancyloxypha_numitor,380,Ancient,1.77674,0.159897,0.0395,Poaceae,M,1.153847,,0.22808
Hesperiidae,Ancyloxypha_numitor,381,Ancient,1.77674,0.159897,0.0395,Poaceae,M,1.12307,,0.387931
Hesperiidae,Ancyloxypha_numitor,382,Ancient,1.77674,0.159897,0.0395,Poaceae,M,1.136426,,0.259415
Hesperiidae,Ancyloxypha_numitor,386,Ancient,1.77674,0.159897,0.0395,Poaceae,M,1.334093,,0.2356259
Hesperiidae,Ancyloxypha_numitor,430,Ancient,1.77674,0.159897,0.0395,Poaceae,M,0.948105,,0.38926
Hesperiidae,Ancyloxypha_numitor,431,Ancient,1.77674,0.159897,0.0395,Poaceae,M,1.158574,,0.318276
Hesperiidae,Ancyloxypha_numitor,432,Ancient,1.77674,0.159897,0.0395,Poaceae,M,1.052553,,0.50156
Hesperiidae,Ancyloxypha_numitor,433,Ancient,1.77674,0.159897,0.0395,Poaceae,M,1.068148,,0.461291
Nymphalidae,Asterocampa_celtis,118,Ancient,2.82167,0.160276,0.03984,Cannabaceae,M,2.413241,,
Nymphalidae,Asterocampa_celtis,119,Ancient,2.82167,0.160276,0.03984,Cannabaceae,M,2.482674,,
Nymphalidae,Asterocampa_celtis,120,Ancient,2.82167,0.160276,0.03984,Cannabaceae,M,2.44367,,
Nymphalidae,Asterocampa_celtis,121,Ancient,2.82167,0.160276,0.03984,Cannabaceae,M,2.381349,,
Nymphalidae,Asterocampa_celtis,122,Ancient,2.82167,0.160276,0.03984,Cannabaceae,M,2.520298,,
Nymphalidae,Asterocampa_celtis,123,Ancient,2.82167,0.160276,0.03984,Cannabaceae,M,2.395112,,
Nymphalidae,Asterocampa_celtis,124,Ancient,2.82167,0.160276,0.03984,Cannabaceae,M,2.510027,,
Nymphalidae,Asterocampa_celtis,125,Ancient,2.82167,0.160276,0.03984,Cannabaceae,M,2.441662,,
Nymphalidae,Asterocampa_celtis,387,Ancient,2.82167,0.160276,0.03984,Cannabaceae,M,2.163249,,
Nymphalidae,Asterocampa_celtis,388,Ancient,2.82167,0.160276,0.03984,Cannabaceae,M,2.431434,,
Nymphalidae,Asterocampa_celtis,389,Ancient,2.82167,0.160276,0.03984,Cannabaceae,M,2.243518,,
Nymphalidae,Asterocampa_celtis,390,Ancient,2.82167,0.160276,0.03984,Cannabaceae,M,2.231356,,
Nymphalidae,Asterocampa_celtis,391,Ancient,2.82167,0.160276,0.03984,Cannabaceae,M,2.560058,,
Papilionidae,Battus_philenor,636,Ancient,2.605,0.351056,0.01554,Aristoloceaceae,F,4.933751,16,0.89192
Papilionidae,Battus_philenor,637,Ancient,2.605,0.351056,0.01554,Aristoloceaceae,F,5.254584,38,0.907492
Papilionidae,Battus_philenor,638,Ancient,2.605,0.351056,0.01554,Aristoloceaceae,F,5.2125033,15,0.909639
Papilionidae,Battus_philenor,639,Ancient,2.605,0.351056,0.01554,Aristoloceaceae,F,4.412519,,
Papilionidae,Battus_philenor,640,Ancient,2.605,0.351056,0.01554,Aristoloceaceae,F,4.881963,32,0.838675
Papilionidae,Battus_philenor,631,Ancient,2.605,0.351056,0.01554,Aristoloceaceae,M,4.784116,,1.579886
Papilionidae,Battus_philenor,632,Ancient,2.605,0.351056,0.01554,Aristoloceaceae,M,4.637516,,1.790091
Papilionidae,Battus_philenor,633,Ancient,2.605,0.351056,0.01554,Aristoloceaceae,M,5.053801,,
Papilionidae,Battus_philenor,634,Ancient,2.605,0.351056,0.01554,Aristoloceaceae,M,4.729546,,1.005733
Papilionidae,Battus_philenor,635,Ancient,2.605,0.351056,0.01554,Aristoloceaceae,M,5.391628,,1.513889
Papilionidae,Battus_philenor,641,Ancient,2.605,0.351056,0.01554,Aristoloceaceae,M,4.532016,,1.450226
Nymphalidae,Boloria_bellona,32,Ancient,2.69353,0.254557,0.0245,Violaceae,F,2.255356,14,0.537574
Nymphalidae,Boloria_bellona,264,Ancient,2.69353,0.254557,0.0245,Violaceae,F,2.055709,10,0.541282
Nymphalidae,Boloria_bellona,265,Ancient,2.69353,0.254557,0.0245,Violaceae,F,2.139246,21,
Nymphalidae,Boloria_bellona,1009,Ancient,2.69353,0.254557,0.0245,Violaceae,F,2.089239,2,0.547139
Nymphalidae,Boloria_bellona,30,Ancient,2.69353,0.254557,0.0245,Violaceae,M,2.223363,,
Nymphalidae,Boloria_bellona,31,Ancient,2.69353,0.254557,0.0245,Violaceae,M,2.177109,,
Nymphalidae,Boloria_bellona,71,Ancient,2.69353,0.254557,0.0245,Violaceae,M,2.452408,,
Nymphalidae,Boloria_bellona,72,Ancient,2.69353,0.254557,0.0245,Violaceae,M,2.138392,,
Nymphalidae,Boloria_bellona,73,Ancient,2.69353,0.254557,0.0245,Violaceae,M,2.244637,,
Nymphalidae,Boloria_bellona,74,Ancient,2.69353,0.254557,0.0245,Violaceae,M,2.184215,,
Nymphalidae,Boloria_bellona,75,Ancient,2.69353,0.254557,0.0245,Violaceae,M,2.230113,,
Nymphalidae,Boloria_bellona,76,Ancient,2.69353,0.254557,0.0245,Violaceae,M,2.239919,,
Nymphalidae,Boloria_bellona,77,Ancient,2.69353,0.254557,0.0245,Violaceae,M,2.265087,,1.002631
Nymphalidae,Boloria_bellona,78,Ancient,2.69353,0.254557,0.0245,Violaceae,M,2.344225,,
Nymphalidae,Boloria_bellona,263,Ancient,2.69353,0.254557,0.0245,Violaceae,M,2.210845,,
Nymphalidae,Boloria_chariclea,461,Recent,2.61424,0.215483333,0.194203333,Salicaceae,F,2.400365,,
Nymphalidae,Boloria_chariclea,462,Recent,2.61424,0.215483333,0.194203333,Salicaceae,F,2.321649,12,0.650514
Nymphalidae,Boloria_chariclea,463,Recent,2.61424,0.215483333,0.194203333,Salicaceae,F,2.262758,16,0.598387
Nymphalidae,Boloria_chariclea,464,Recent,2.61424,0.215483333,0.194203333,Salicaceae,M,1.80493,,
Nymphalidae,Boloria_chariclea,465,Recent,2.61424,0.215483333,0.194203333,Salicaceae,M,1.81127,,
Nymphalidae,Boloria_chariclea,466,Recent,2.61424,0.215483333,0.194203333,Salicaceae,M,1.920794,,
Nymphalidae,Boloria_freija,691,Recent,1.20477,0.085145,0.02524,Ericaceae,F,1.933051,28,0.6304
Nymphalidae,Boloria_freija,688,Recent,1.20477,0.085145,0.02524,Ericaceae,M,1.758691,,0.512341
Nymphalidae,Boloria_freija,689,Recent,1.20477,0.085145,0.02524,Ericaceae,M,1.854832,,0.905464
Nymphalidae,Boloria_freija,690,Recent,1.20477,0.085145,0.02524,Ericaceae,M,1.765754,,0.861316
Nymphalidae,Boloria_selene,256,Ancient,2.69353,0.254557,0.0245,Violaceae,F,2.018057,13,0.427094
Nymphalidae,Boloria_selene,257,Ancient,2.69353,0.254557,0.0245,Violaceae,F,1.987775,16,0.477004
Nymphalidae,Boloria_selene,260,Ancient,2.69353,0.254557,0.0245,Violaceae,F,1.951679,30,0.479192
Nymphalidae,Boloria_selene,255,Ancient,2.69353,0.254557,0.0245,Violaceae,M,1.992313,,0.516093
Nymphalidae,Boloria_selene,258,Ancient,2.69353,0.254557,0.0245,Violaceae,M,1.917334,,
Nymphalidae,Boloria_selene,259,Ancient,2.69353,0.254557,0.0245,Violaceae,M,1.899657,,
Nymphalidae,Boloria_selene,261,Ancient,2.69353,0.254557,0.0245,Violaceae,M,2.047452,,
Nymphalidae,Boloria_selene,262,Ancient,2.69353,0.254557,0.0245,Violaceae,M,1.98249,,
Lycaenidae,Callophrys_augustinus,692,Recent,1.20477,0.085145,0.02524,Ericaceae,F,1.240175,21,0.309336
Lycaenidae,Callophrys_augustinus,693,Recent,1.20477,0.085145,0.02524,Ericaceae,F,1.150121,14,0.322396
Lycaenidae,Callophrys_augustinus,694,Recent,1.20477,0.085145,0.02524,Ericaceae,F,1.176123,,
Lycaenidae,Callophrys_augustinus,695,Recent,1.20477,0.085145,0.02524,Ericaceae,F,1.27295,15,0.304299
Lycaenidae,Callophrys_augustinus,696,Recent,1.20477,0.085145,0.02524,Ericaceae,F,1.284963,14,
Lycaenidae,Callophrys_augustinus,697,Recent,1.20477,0.085145,0.02524,Ericaceae,F,1.339939,26,
Lycaenidae,Callophrys_augustinus,704,Recent,1.20477,0.085145,0.02524,Ericaceae,F,1.235454,17,0.262863
Lycaenidae,Callophrys_augustinus,698,Recent,1.20477,0.085145,0.02524,Ericaceae,M,1.23203,,
Lycaenidae,Callophrys_augustinus,699,Recent,1.20477,0.085145,0.02524,Ericaceae,M,1.201566,,1.180264
Lycaenidae,Callophrys_augustinus,700,Recent,1.20477,0.085145,0.02524,Ericaceae,M,1.31125,,1.1655
Lycaenidae,Callophrys_augustinus,701,Recent,1.20477,0.085145,0.02524,Ericaceae,M,1.253112,,0.968795
Lycaenidae,Callophrys_augustinus,702,Recent,1.20477,0.085145,0.02524,Ericaceae,M,1.2264,,
Lycaenidae,Callophrys_augustinus,703,Recent,1.20477,0.085145,0.02524,Ericaceae,M,1.275172,,
Lycaenidae,Callophrys_augustinus,705,Recent,1.20477,0.085145,0.02524,Ericaceae,M,1.205698,,
Lycaenidae,Callophrys_niphon,238,Recent,1.22446,0.130829,0.02399,Pinaceae,F,1.330143,9,0.355905
Lycaenidae,Callophrys_niphon,239,Recent,1.22446,0.130829,0.02399,Pinaceae,F,1.296679,,
Lycaenidae,Callophrys_niphon,240,Recent,1.22446,0.130829,0.02399,Pinaceae,F,1.194957,11,0.396196
Lycaenidae,Callophrys_niphon,241,Recent,1.22446,0.130829,0.02399,Pinaceae,F,1.360303,9,0.305342
Lycaenidae,Callophrys_niphon,242,Recent,1.22446,0.130829,0.02399,Pinaceae,F,1.346813,10,0.360271
Lycaenidae,Callophrys_niphon,243,Recent,1.22446,0.130829,0.02399,Pinaceae,F,1.350772,9,0.366895
Lycaenidae,Callophrys_niphon,244,Recent,1.22446,0.130829,0.02399,Pinaceae,F,1.344248,19,0.379092
Lycaenidae,Callophrys_niphon,245,Recent,1.22446,0.130829,0.02399,Pinaceae,M,1.379889,,1.800433
Lycaenidae,Callophrys_niphon,246,Recent,1.22446,0.130829,0.02399,Pinaceae,M,1.330175,,1.032368
Lycaenidae,Callophrys_spinetorum,281,Recent,1.3125,0.134353,0.56459,Santalaceae,M,1.572121,,
Lycaenidae,Callophrys_spinetorum,282,Recent,1.3125,0.134353,0.56459,Santalaceae,M,1.489269,,1.317942
Nymphalidae,Cercyonis_pegala,532,Ancient,1.77674,0.159897,0.0395,Poaceae,F,2.424793,,0.687854
Nymphalidae,Cercyonis_pegala,56,Ancient,1.77674,0.159897,0.0395,Poaceae,M,2.484705,,
Nymphalidae,Cercyonis_pegala,57,Ancient,1.77674,0.159897,0.0395,Poaceae,M,2.418026,,
Nymphalidae,Cercyonis_pegala,58,Ancient,1.77674,0.159897,0.0395,Poaceae,M,2.465733,,
Nymphalidae,Cercyonis_pegala,59,Ancient,1.77674,0.159897,0.0395,Poaceae,M,2.37052,,
Nymphalidae,Cercyonis_pegala,60,Ancient,1.77674,0.159897,0.0395,Poaceae,M,2.419366,,
Nymphalidae,Cercyonis_pegala,61,Ancient,1.77674,0.159897,0.0395,Poaceae,M,2.285813,,
Nymphalidae,Cercyonis_pegala,62,Ancient,1.77674,0.159897,0.0395,Poaceae,M,2.265731,,
Nymphalidae,Cercyonis_pegala,63,Ancient,1.77674,0.159897,0.0395,Poaceae,M,2.422614,,
Nymphalidae,Cercyonis_pegala,530,Ancient,1.77674,0.159897,0.0395,Poaceae,M,2.003433,,
Nymphalidae,Chlosyne_nycteis,721,Recent,2.16872,0.208676,0.03387,Asteraceae,F,2.281768,,
Nymphalidae,Chlosyne_nycteis,223,Recent,2.16872,0.208676,0.03387,Asteraceae,M,1.520968,,
Nymphalidae,Chlosyne_nycteis,716,Recent,2.16872,0.208676,0.03387,Asteraceae,M,2.148066,,
Nymphalidae,Chlosyne_nycteis,717,Recent,2.16872,0.208676,0.03387,Asteraceae,M,2.075242,,
Nymphalidae,Chlosyne_nycteis,718,Recent,2.16872,0.208676,0.03387,Asteraceae,M,1.924198,,
Nymphalidae,Chlosyne_nycteis,719,Recent,2.16872,0.208676,0.03387,Asteraceae,M,1.967556,,
Nymphalidae,Chlosyne_nycteis,720,Recent,2.16872,0.208676,0.03387,Asteraceae,M,2.078572,,
Pieridae,Colias_eurytheme,26,Ancient,2.83388,0.148494,0.02783,Fabaceae,F,3.026171,55,0.406139
Pieridae,Colias_eurytheme,271,Ancient,2.83388,0.148494,0.02783,Fabaceae,F,2.64831,15,0.291366
Pieridae,Colias_eurytheme,272,Ancient,2.83388,0.148494,0.02783,Fabaceae,F,2.724851,44,0.367772
Pieridae,Colias_eurytheme,354,Ancient,2.83388,0.148494,0.02783,Fabaceae,F,3.019547,59,0.456995
Pieridae,Colias_eurytheme,355,Ancient,2.83388,0.148494,0.02783,Fabaceae,F,2.557346,54,0.475835
Pieridae,Colias_eurytheme,356,Ancient,2.83388,0.148494,0.02783,Fabaceae,F,2.820315,94,0.454004
Pieridae,Colias_eurytheme,357,Ancient,2.83388,0.148494,0.02783,Fabaceae,F,2.693344,93,0.402562
Pieridae,Colias_eurytheme,358,Ancient,2.83388,0.148494,0.02783,Fabaceae,F,2.566083,15,0.38749
Pieridae,Colias_eurytheme,83,Ancient,2.83388,0.148494,0.02783,Fabaceae,M,2.367462,,
Pieridae,Colias_eurytheme,359,Ancient,2.83388,0.148494,0.02783,Fabaceae,M,2.3221,,1.137017
Pieridae,Colias_eurytheme,360,Ancient,2.83388,0.148494,0.02783,Fabaceae,M,2.583054,,1.266683
Pieridae,Colias_eurytheme,361,Ancient,2.83388,0.148494,0.02783,Fabaceae,M,2.54398,,1.677703
Pieridae,Colias_eurytheme,362,Ancient,2.83388,0.148494,0.02783,Fabaceae,M,2.622694,,1.400122
Pieridae,Colias_eurytheme,363,Ancient,2.83388,0.148494,0.02783,Fabaceae,M,2.77344,,1.667316
Pieridae,Colias_interior,42,Recent,1.20477,0.085145,0.02524,Ericaceae,F,2.795204,19,0.542798
Pieridae,Colias_interior,44,Recent,1.20477,0.085145,0.02524,Ericaceae,F,2.683645,25,0.540589
Pieridae,Colias_interior,50,Recent,1.20477,0.085145,0.02524,Ericaceae,F,2.619916,28,0.503238
Pieridae,Colias_interior,51,Recent,1.20477,0.085145,0.02524,Ericaceae,F,2.7507,7,0.571102
Pieridae,Colias_interior,53,Recent,1.20477,0.085145,0.02524,Ericaceae,F,2.818873,30,0.563501
Pieridae,Colias_interior,55,Recent,1.20477,0.085145,0.02524,Ericaceae,F,2.679319,23,0.616761
Pieridae,Colias_interior,81,Recent,1.20477,0.085145,0.02524,Ericaceae,F,2.5895,24,
Pieridae,Colias_interior,43,Recent,1.20477,0.085145,0.02524,Ericaceae,M,2.614539,,1.636911
Pieridae,Colias_interior,45,Recent,1.20477,0.085145,0.02524,Ericaceae,M,2.626636,,
Pieridae,Colias_interior,46,Recent,1.20477,0.085145,0.02524,Ericaceae,M,2.745207,,1.838681
Pieridae,Colias_interior,47,Recent,1.20477,0.085145,0.02524,Ericaceae,M,2.689724,,1.63794
Pieridae,Colias_interior,48,Recent,1.20477,0.085145,0.02524,Ericaceae,M,2.090835,,1.233348
Pieridae,Colias_interior,49,Recent,1.20477,0.085145,0.02524,Ericaceae,M,2.613459,,1.353315
Pieridae,Colias_interior,52,Recent,1.20477,0.085145,0.02524,Ericaceae,M,2.671015,,1.434473
Pieridae,Colias_interior,54,Recent,1.20477,0.085145,0.02524,Ericaceae,M,2.53713,,1.534117
Pieridae,Colias_interior,527,Recent,1.20477,0.085145,0.02524,Ericaceae,M,2.391328,,1.641882
Pieridae,Colias_meadii,519,Ancient,2.83388,0.148494,0.02783,Fabaceae,F,2.171229,81,0.610505
Pieridae,Colias_meadii,520,Ancient,2.83388,0.148494,0.02783,Fabaceae,F,2.161069,56,0.565297
Pieridae,Colias_meadii,521,Ancient,2.83388,0.148494,0.02783,Fabaceae,F,2.234642,26,0.581103
Pieridae,Colias_meadii,522,Ancient,2.83388,0.148494,0.02783,Fabaceae,F,2.095222,20,0.497098
Pieridae,Colias_meadii,523,Ancient,2.83388,0.148494,0.02783,Fabaceae,F,2.112243,47,0.573665
Pieridae,Colias_meadii,524,Ancient,2.83388,0.148494,0.02783,Fabaceae,F,2.080119,38,0.556719
Pieridae,Colias_meadii,525,Ancient,2.83388,0.148494,0.02783,Fabaceae,F,2.141317,71,0.569986
Pieridae,Colias_meadii,516,Ancient,2.83388,0.148494,0.02783,Fabaceae,M,2.203054,,1.213809
Pieridae,Colias_meadii,517,Ancient,2.83388,0.148494,0.02783,Fabaceae,M,2.251018,,1.277456
Pieridae,Colias_meadii,518,Ancient,2.83388,0.148494,0.02783,Fabaceae,M,2.088563,,
Pieridae,Colias_philodice,7,Ancient,2.83388,0.148494,0.02783,Fabaceae,F,2.615606,,
Pieridae,Colias_philodice,80,Ancient,2.83388,0.148494,0.02783,Fabaceae,F,1.413153,,
Pieridae,Colias_philodice,1,Ancient,2.83388,0.148494,0.02783,Fabaceae,M,2.336245,,
Pieridae,Colias_philodice,2,Ancient,2.83388,0.148494,0.02783,Fabaceae,M,2.572835,,
Pieridae,Colias_philodice,3,Ancient,2.83388,0.148494,0.02783,Fabaceae,M,2.375112,,1.897656
Pieridae,Colias_philodice,4,Ancient,2.83388,0.148494,0.02783,Fabaceae,M,2.490967,,1.747695
Pieridae,Colias_philodice,5,Ancient,2.83388,0.148494,0.02783,Fabaceae,M,2.466682,,
Pieridae,Colias_philodice,6,Ancient,2.83388,0.148494,0.02783,Fabaceae,M,2.532796,,
Pieridae,Colias_philodice,79,Ancient,2.83388,0.148494,0.02783,Fabaceae,M,2.298568,,
Pieridae,Colias_scudderi,722,Recent,1.706455,0.1284805,0.02513,Salicaceae,M,2.672704,,
Pieridae,Colias_scudderi,723,Recent,1.706455,0.1284805,0.02513,Salicaceae,M,2.531004,,
Pieridae,Colias_scudderi,724,Recent,1.706455,0.1284805,0.02513,Salicaceae,M,2.714592,,
Nymphalidae,Danaus_plexippus,270,Ancient,2.122,0.225827,0.13648,Apocynaceae,F,5.097801,19,0.739076
Nymphalidae,Danaus_plexippus,392,Ancient,2.122,0.225827,0.13648,Apocynaceae,F,5.051353,43,0.824785
Nymphalidae,Danaus_plexippus,455,Ancient,2.122,0.225827,0.13648,Apocynaceae,F,5.260753,27,0.900046
Nymphalidae,Danaus_plexippus,456,Ancient,2.122,0.225827,0.13648,Apocynaceae,F,4.694465,5,
Nymphalidae,Danaus_plexippus,616,Ancient,2.122,0.225827,0.13648,Apocynaceae,F,5.185481,,
Nymphalidae,Danaus_plexippus,617,Ancient,2.122,0.225827,0.13648,Apocynaceae,F,5.126806,,
Nymphalidae,Danaus_plexippus,100,Ancient,2.122,0.225827,0.13648,Apocynaceae,M,5.543654,,7.612019
Nymphalidae,Danaus_plexippus,101,Ancient,2.122,0.225827,0.13648,Apocynaceae,M,5.404183,,7.27104
Nymphalidae,Danaus_plexippus,102,Ancient,2.122,0.225827,0.13648,Apocynaceae,M,5.180453,,6.674966
Nymphalidae,Danaus_plexippus,237,Ancient,2.122,0.225827,0.13648,Apocynaceae,M,5.392254,,5.454474
Nymphalidae,Danaus_plexippus,584,Ancient,2.122,0.225827,0.13648,Apocynaceae,M,5.060725,,6.305113
Nymphalidae,Danaus_plexippus,618,Ancient,2.122,0.225827,0.13648,Apocynaceae,M,5.454424,,6.500201
Hesperiidae,Erynnis_icelus,247,Recent,2.41672,0.164042,0.025956667,Salicaceae,F,1.525662,,0.499218
Hesperiidae,Erynnis_icelus,249,Recent,2.41672,0.164042,0.025956667,Salicaceae,F,1.476517,,0.48258
Hesperiidae,Erynnis_icelus,248,Recent,2.41672,0.164042,0.025956667,Salicaceae,M,1.401717,,0.880385
Hesperiidae,Erynnis_icelus,250,Recent,2.41672,0.164042,0.025956667,Salicaceae,M,1.388239,,0.411935
Hesperiidae,Erynnis_juvenalis,214,Recent,1.66129,0.115029,0.02668,Fagaceae,F,1.871489,34,0.484391
Hesperiidae,Erynnis_juvenalis,200,Recent,1.66129,0.115029,0.02668,Fagaceae,M,1.878576,,3.180523
Hesperiidae,Erynnis_juvenalis,201,Recent,1.66129,0.115029,0.02668,Fagaceae,M,1.872179,,2.485458
Hesperiidae,Erynnis_juvenalis,202,Recent,1.66129,0.115029,0.02668,Fagaceae,M,,,
Hesperiidae,Erynnis_juvenalis,213,Recent,1.66129,0.115029,0.02668,Fagaceae,M,1.858237,,
Hesperiidae,Erynnis_juvenalis,215,Recent,1.66129,0.115029,0.02668,Fagaceae,M,1.815872,,1.768927
Hesperiidae,Erynnis_juvenalis,216,Recent,1.66129,0.115029,0.02668,Fagaceae,M,1.767463,,2.719115
Lycaenidae,Eumaeus_atala,749,Recent,1.86267,0.187497,0.14029,Cycadaceae,F,2.246411,23,1.141579
Lycaenidae,Eumaeus_atala,751,Recent,1.86267,0.187497,0.14029,Cycadaceae,F,2.248295,15,1.264406
Lycaenidae,Eumaeus_atala,752,Recent,1.86267,0.187497,0.14029,Cycadaceae,F,2.076071,14,
Lycaenidae,Eumaeus_atala,754,Recent,1.86267,0.187497,0.14029,Cycadaceae,F,2.125476,9,
Lycaenidae,Eumaeus_atala,756,Recent,1.86267,0.187497,0.14029,Cycadaceae,F,2.45521,12,
Lycaenidae,Eumaeus_atala,760,Recent,1.86267,0.187497,0.14029,Cycadaceae,F,2.357623,25,
Lycaenidae,Eumaeus_atala,761,Recent,1.86267,0.187497,0.14029,Cycadaceae,F,2.397208,26,
Lycaenidae,Eumaeus_atala,748,Recent,1.86267,0.187497,0.14029,Cycadaceae,M,2.044343,,3.635195
Lycaenidae,Eumaeus_atala,750,Recent,1.86267,0.187497,0.14029,Cycadaceae,M,1.886087,,
Lycaenidae,Eumaeus_atala,753,Recent,1.86267,0.187497,0.14029,Cycadaceae,M,1.904763,,
Lycaenidae,Eumaeus_atala,755,Recent,1.86267,0.187497,0.14029,Cycadaceae,M,2.254817,,4.508374
Lycaenidae,Eumaeus_atala,757,Recent,1.86267,0.187497,0.14029,Cycadaceae,M,2.329242,,
Lycaenidae,Eumaeus_atala,758,Recent,1.86267,0.187497,0.14029,Cycadaceae,M,2.336704,,
Lycaenidae,Eumaeus_atala,759,Recent,1.86267,0.187497,0.14029,Cycadaceae,M,2.308798,,2.921417
Hesperiidae,Euphyes_conspicua,404,Ancient,1.76136,0.162999,0.00496,Cyperaceae,F,1.768531,16,1.197216
Hesperiidae,Euphyes_conspicua,441,Ancient,1.76136,0.162999,0.00496,Cyperaceae,F,1.637633,7,1.182262
Hesperiidae,Euphyes_conspicua,442,Ancient,1.76136,0.162999,0.00496,Cyperaceae,F,1.595983,,
Hesperiidae,Euphyes_conspicua,443,Ancient,1.76136,0.162999,0.00496,Cyperaceae,F,1.636603,12,0.984339
Hesperiidae,Euphyes_conspicua,444,Ancient,1.76136,0.162999,0.00496,Cyperaceae,F,1.754707,11,1.236742
Hesperiidae,Euphyes_conspicua,445,Ancient,1.76136,0.162999,0.00496,Cyperaceae,F,1.556832,8,1.204657
Hesperiidae,Euphyes_conspicua,446,Ancient,1.76136,0.162999,0.00496,Cyperaceae,F,1.594218,17,1.27531
Hesperiidae,Euphyes_conspicua,447,Ancient,1.76136,0.162999,0.00496,Cyperaceae,F,1.468212,5,1.19091
Hesperiidae,Euphyes_conspicua,448,Ancient,1.76136,0.162999,0.00496,Cyperaceae,F,1.644222,,
Hesperiidae,Euphyes_conspicua,405,Ancient,1.76136,0.162999,0.00496,Cyperaceae,M,1.575052,,1.937885
Hesperiidae,Euphyes_conspicua,406,Ancient,1.76136,0.162999,0.00496,Cyperaceae,M,1.596521,,
Hesperiidae,Euphyes_conspicua,1015,Ancient,1.76136,0.162999,0.00496,Cyperaceae,M,1.502354,,1.323773
Hesperiidae,Euphyes_conspicua,1016,Ancient,1.76136,0.162999,0.00496,Cyperaceae,M,1.515744,,0.654064
Hesperiidae,Euphyes_conspicua,1017,Ancient,1.76136,0.162999,0.00496,Cyperaceae,M,1.553977,,0.685294
Hesperiidae,Euphyes_vestris,434,Ancient,1.76136,0.162999,0.00496,Cyperaceae,F,1.416373,,
Hesperiidae,Euphyes_vestris,435,Ancient,1.76136,0.162999,0.00496,Cyperaceae,F,1.46323,,
Hesperiidae,Euphyes_vestris,436,Ancient,1.76136,0.162999,0.00496,Cyperaceae,F,1.347454,11,1.027101
Hesperiidae,Euphyes_vestris,438,Ancient,1.76136,0.162999,0.00496,Cyperaceae,F,1.322225,9,1.284739
Hesperiidae,Euphyes_vestris,437,Ancient,1.76136,0.162999,0.00496,Cyperaceae,M,1.339468,,
Hesperiidae,Euphyes_vestris,439,Ancient,1.76136,0.162999,0.00496,Cyperaceae,M,1.331156,,0.745487
Hesperiidae,Euphyes_vestris,440,Ancient,1.76136,0.162999,0.00496,Cyperaceae,M,1.321841,,0.701226
Hesperiidae,Euphyes_vestris,1030,Ancient,1.76136,0.162999,0.00496,Cyperaceae,M,1.359277,,0.693265
Lycaenidae,Glaucopsyche_lygdamus,208,Ancient,2.83388,0.148494,0.02783,Fabaceae,F,1.294641,6,0.16536
Lycaenidae,Glaucopsyche_lygdamus,210,Ancient,2.83388,0.148494,0.02783,Fabaceae,F,1.297282,15,0.613435
Lycaenidae,Glaucopsyche_lygdamus,226,Ancient,2.83388,0.148494,0.02783,Fabaceae,F,1.419501,,
Lycaenidae,Glaucopsyche_lygdamus,228,Ancient,2.83388,0.148494,0.02783,Fabaceae,F,1.31814,16,
Lycaenidae,Glaucopsyche_lygdamus,229,Ancient,2.83388,0.148494,0.02783,Fabaceae,F,1.309801,12,
Lycaenidae,Glaucopsyche_lygdamus,207,Ancient,2.83388,0.148494,0.02783,Fabaceae,M,1.249607,,0.305487
Lycaenidae,Glaucopsyche_lygdamus,209,Ancient,2.83388,0.148494,0.02783,Fabaceae,M,1.299014,,0.178774
Lycaenidae,Glaucopsyche_lygdamus,211,Ancient,2.83388,0.148494,0.02783,Fabaceae,M,1.384831,,0.28403
Lycaenidae,Glaucopsyche_lygdamus,212,Ancient,2.83388,0.148494,0.02783,Fabaceae,M,1.324994,,
Lycaenidae,Glaucopsyche_lygdamus,224,Ancient,2.83388,0.148494,0.02783,Fabaceae,M,1.322314,,
Lycaenidae,Glaucopsyche_lygdamus,225,Ancient,2.83388,0.148494,0.02783,Fabaceae,M,1.450304,,0.280895
Lycaenidae,Glaucopsyche_lygdamus,227,Ancient,2.83388,0.148494,0.02783,Fabaceae,M,1.315547,,0.257815
Nymphalidae,Heliconius_charithonia,726,Ancient,3.1027,0.131691,0.57705,Passifloraceae,F,4.546006,10,
Nymphalidae,Heliconius_charithonia,729,Ancient,3.1027,0.131691,0.57705,Passifloraceae,F,4.914088,11,0.944401
Nymphalidae,Heliconius_charithonia,730,Ancient,3.1027,0.131691,0.57705,Passifloraceae,F,3.808687,,
Nymphalidae,Heliconius_charithonia,734,Ancient,3.1027,0.131691,0.57705,Passifloraceae,F,4.670811,14,0.823727
Nymphalidae,Heliconius_charithonia,727,Ancient,3.1027,0.131691,0.57705,Passifloraceae,M,4.300664,,
Nymphalidae,Heliconius_charithonia,728,Ancient,3.1027,0.131691,0.57705,Passifloraceae,M,4.183831,,0.879902
Nymphalidae,Heliconius_charithonia,731,Ancient,3.1027,0.131691,0.57705,Passifloraceae,M,4.268635,,
Nymphalidae,Heliconius_charithonia,732,Ancient,3.1027,0.131691,0.57705,Passifloraceae,M,3.542098,,0.929192
Nymphalidae,Heliconius_charithonia,733,Ancient,3.1027,0.131691,0.57705,Passifloraceae,M,4.285731,,0.962614
Nymphalidae,Heliconius_charithonia,735,Ancient,3.1027,0.131691,0.57705,Passifloraceae,M,4.15679,,0.848713
Hesperiidae,Hylephila_phyleus,602,Ancient,1.77674,0.159897,0.0395,Poaceae,F,1.326995,31,
Hesperiidae,Hylephila_phyleus,603,Ancient,1.77674,0.159897,0.0395,Poaceae,F,1.6392,94,0.375272
Hesperiidae,Hylephila_phyleus,606,Ancient,1.77674,0.159897,0.0395,Poaceae,F,1.590104,,
Hesperiidae,Hylephila_phyleus,409,Ancient,1.77674,0.159897,0.0395,Poaceae,M,1.382294,,1.243276
Hesperiidae,Hylephila_phyleus,585,Ancient,1.77674,0.159897,0.0395,Poaceae,M,1.411226,,
Hesperiidae,Hylephila_phyleus,586,Ancient,1.77674,0.159897,0.0395,Poaceae,M,1.468441,,1.129482
Hesperiidae,Hylephila_phyleus,587,Ancient,1.77674,0.159897,0.0395,Poaceae,M,1.335114,,0.645378
Hesperiidae,Hylephila_phyleus,588,Ancient,1.77674,0.159897,0.0395,Poaceae,M,1.425936,,0.769425
Hesperiidae,Hylephila_phyleus,589,Ancient,1.77674,0.159897,0.0395,Poaceae,M,1.460462,,0.902059
Hesperiidae,Hylephila_phyleus,601,Ancient,1.77674,0.159897,0.0395,Poaceae,M,1.324295,,0.841497
Hesperiidae,Hylephila_phyleus,604,Ancient,1.77674,0.159897,0.0395,Poaceae,M,1.480391,,0.618909
Hesperiidae,Hylephila_phyleus,605,Ancient,1.77674,0.159897,0.0395,Poaceae,M,1.300623,,
Hesperiidae,Hylephila_phyleus,615,Ancient,1.77674,0.159897,0.0395,Poaceae,M,1.330031,,0.529899
Nymphalidae,Junonia_genoveva,736,Ancient,3.3274,0.145615,1.62427,Acanthaceae,M,2.6463,,1.178691
Nymphalidae,Junonia_genoveva,737,Ancient,3.3274,0.145615,1.62427,Acanthaceae,M,2.823238,,0.513303
Nymphalidae,Junonia_genoveva,738,Ancient,3.3274,0.145615,1.62427,Acanthaceae,M,2.788229,,0.486937
Nymphalidae,Junonia_genoveva,739,Ancient,3.3274,0.145615,1.62427,Acanthaceae,M,2.878372,,0.561465
Nymphalidae,Junonia_genoveva,740,Ancient,3.3274,0.145615,1.62427,Acanthaceae,M,2.758517,,0.737917
Nymphalidae,Junonia_genoveva,741,Ancient,3.3274,0.145615,1.62427,Acanthaceae,M,2.971161,,0.786294
Nymphalidae,Junonia_genoveva,742,Ancient,3.3274,0.145615,1.62427,Acanthaceae,M,3.15173,,0.44925
Nymphalidae,Junonia_genoveva,743,Ancient,3.3274,0.145615,1.62427,Acanthaceae,M,2.891613,,1.435199
Nymphalidae,Junonia_genoveva,744,Ancient,3.3274,0.145615,1.62427,Acanthaceae,M,2.957018,,1.434054
Nymphalidae,Junonia_genoveva,745,Ancient,3.3274,0.145615,1.62427,Acanthaceae,M,2.827838,,0.899615
Nymphalidae,Junonia_genoveva,746,Ancient,3.3274,0.145615,1.62427,Acanthaceae,M,2.889018,,1.41058
Nymphalidae,Junonia_genoveva,747,Ancient,3.3274,0.145615,1.62427,Acanthaceae,M,3.060337,,0.454248
Nymphalidae,Limenitis_archippus,117,Ancient,2.1473725,0.191053125,0.036635,Salicaceae,F,3.907508,7,
Nymphalidae,Limenitis_archippus,453,Ancient,2.1473725,0.191053125,0.036635,Salicaceae,F,3.933237,23,0.380684
Nymphalidae,Limenitis_archippus,114,Ancient,2.1473725,0.191053125,0.036635,Salicaceae,M,3.679221,,1.117098
Nymphalidae,Limenitis_archippus,115,Ancient,2.1473725,0.191053125,0.036635,Salicaceae,M,3.651025,,1.446707
Nymphalidae,Limenitis_archippus,116,Ancient,2.1473725,0.191053125,0.036635,Salicaceae,M,3.630664,,1.58626
Nymphalidae,Limenitis_archippus,279,Ancient,2.1473725,0.191053125,0.036635,Salicaceae,M,3.604561,,2.121747
Nymphalidae,Limenitis_archippus,280,Ancient,2.1473725,0.191053125,0.036635,Salicaceae,M,3.574195,,1.985544
Nymphalidae,Limenitis_archippus,449,Ancient,2.1473725,0.191053125,0.036635,Salicaceae,M,3.806144,,
Nymphalidae,Limenitis_archippus,450,Ancient,2.1473725,0.191053125,0.036635,Salicaceae,M,3.554392,,0.370661
Nymphalidae,Limenitis_archippus,451,Ancient,2.1473725,0.191053125,0.036635,Salicaceae,M,3.334863,,
Nymphalidae,Limenitis_archippus,452,Ancient,2.1473725,0.191053125,0.036635,Salicaceae,M,3.600171,,1.09865
Nymphalidae,Limenitis_archippus,454,Ancient,2.1473725,0.191053125,0.036635,Salicaceae,M,3.36967,,1.447582
Nymphalidae,Limenitis_archippus,619,Ancient,2.1473725,0.191053125,0.036635,Salicaceae,M,3.500553,,2.040733
Lycaenidae,Lycaena_arota,571,Recent,1.99667,0.26388,0.00282,Grossulariaceae,F,1.602458,2,0.452682
Lycaenidae,Lycaena_arota,569,Recent,1.99667,0.26388,0.00282,Grossulariaceae,M,2.483205,,
Lycaenidae,Lycaena_arota,570,Recent,1.99667,0.26388,0.00282,Grossulariaceae,M,1.639138,,
Lycaenidae,Lycaena_arota,572,Recent,1.99667,0.26388,0.00282,Grossulariaceae,M,1.521846,,0.475328
Lycaenidae,Lycaena_epixanthe,18,Recent,1.20477,0.085145,0.02524,Ericaceae,F,1.226557,4,0.375472
Lycaenidae,Lycaena_epixanthe,19,Recent,1.20477,0.085145,0.02524,Ericaceae,F,1.338819,4,0.368338
Lycaenidae,Lycaena_epixanthe,23,Recent,1.20477,0.085145,0.02524,Ericaceae,F,1.238794,2,0.397513
Lycaenidae,Lycaena_epixanthe,24,Recent,1.20477,0.085145,0.02524,Ericaceae,F,1.193143,8,0.400109
Lycaenidae,Lycaena_epixanthe,17,Recent,1.20477,0.085145,0.02524,Ericaceae,M,1.193548,,
Lycaenidae,Lycaena_epixanthe,20,Recent,1.20477,0.085145,0.02524,Ericaceae,M,1.247926,,
Lycaenidae,Lycaena_epixanthe,21,Recent,1.20477,0.085145,0.02524,Ericaceae,M,1.198396,,
Lycaenidae,Lycaena_epixanthe,22,Recent,1.20477,0.085145,0.02524,Ericaceae,M,1.218271,,
Lycaenidae,Lycaena_helloides,70,Ancient,2.667793333,0.214289667,0.36931,Polygonaceae,F,1.340657,10,
Lycaenidae,Lycaena_helloides,135,Ancient,2.667793333,0.214289667,0.36931,Polygonaceae,F,1.494051,8,0.411043
Lycaenidae,Lycaena_helloides,136,Ancient,2.667793333,0.214289667,0.36931,Polygonaceae,F,1.620236,30,0.260064
Lycaenidae,Lycaena_helloides,138,Ancient,2.667793333,0.214289667,0.36931,Polygonaceae,F,1.616279,11,0.374621
Lycaenidae,Lycaena_helloides,140,Ancient,2.667793333,0.214289667,0.36931,Polygonaceae,F,1.533665,30,0.341068
Lycaenidae,Lycaena_helloides,141,Ancient,2.667793333,0.214289667,0.36931,Polygonaceae,F,1.630515,32,0.328481
Lycaenidae,Lycaena_helloides,142,Ancient,2.667793333,0.214289667,0.36931,Polygonaceae,F,1.831087,16,0.356445
Lycaenidae,Lycaena_helloides,145,Ancient,2.667793333,0.214289667,0.36931,Polygonaceae,F,1.731415,28,0.293544
Lycaenidae,Lycaena_helloides,146,Ancient,2.667793333,0.214289667,0.36931,Polygonaceae,F,1.614969,24,0.385104
Lycaenidae,Lycaena_helloides,574,Ancient,2.667793333,0.214289667,0.36931,Polygonaceae,F,1.612024,28,0.369218
Lycaenidae,Lycaena_helloides,575,Ancient,2.667793333,0.214289667,0.36931,Polygonaceae,F,1.509285,10,
Lycaenidae,Lycaena_helloides,576,Ancient,2.667793333,0.214289667,0.36931,Polygonaceae,F,1.812677,22,0.410335
Lycaenidae,Lycaena_helloides,137,Ancient,2.667793333,0.214289667,0.36931,Polygonaceae,M,1.565421,,
Lycaenidae,Lycaena_helloides,139,Ancient,2.667793333,0.214289667,0.36931,Polygonaceae,M,1.531548,,
Lycaenidae,Lycaena_helloides,143,Ancient,2.667793333,0.214289667,0.36931,Polygonaceae,M,1.400039,,
Lycaenidae,Lycaena_helloides,144,Ancient,2.667793333,0.214289667,0.36931,Polygonaceae,M,1.44459,,
Lycaenidae,Lycaena_helloides,147,Ancient,2.667793333,0.214289667,0.36931,Polygonaceae,M,1.594597,,
Lycaenidae,Lycaena_helloides,577,Ancient,2.667793333,0.214289667,0.36931,Polygonaceae,M,1.391588,,
Lycaenidae,Lycaena_heteronea,492,Ancient,2.94105,0.220077,0.53309,Polygonaceae,F,1.551903,,
Lycaenidae,Lycaena_heteronea,493,Ancient,2.94105,0.220077,0.53309,Polygonaceae,F,1.612908,14,0.51108
Lycaenidae,Lycaena_heteronea,494,Ancient,2.94105,0.220077,0.53309,Polygonaceae,F,1.540366,8,
Lycaenidae,Lycaena_heteronea,495,Ancient,2.94105,0.220077,0.53309,Polygonaceae,F,1.660454,10,0.758883
Lycaenidae,Lycaena_heteronea,484,Ancient,2.94105,0.220077,0.53309,Polygonaceae,M,1.432776,,
Lycaenidae,Lycaena_heteronea,485,Ancient,2.94105,0.220077,0.53309,Polygonaceae,M,1.638772,,
Lycaenidae,Lycaena_heteronea,486,Ancient,2.94105,0.220077,0.53309,Polygonaceae,M,1.559148,,
Lycaenidae,Lycaena_heteronea,487,Ancient,2.94105,0.220077,0.53309,Polygonaceae,M,1.620594,,1.239077
Lycaenidae,Lycaena_heteronea,488,Ancient,2.94105,0.220077,0.53309,Polygonaceae,M,1.589765,,
Lycaenidae,Lycaena_heteronea,489,Ancient,2.94105,0.220077,0.53309,Polygonaceae,M,1.649781,,
Lycaenidae,Lycaena_heteronea,490,Ancient,2.94105,0.220077,0.53309,Polygonaceae,M,1.509121,,
Lycaenidae,Lycaena_heteronea,491,Ancient,2.94105,0.220077,0.53309,Polygonaceae,M,1.404522,,
Lycaenidae,Lycaena_phlaeas,220,Ancient,2.94105,0.220077,0.53309,Polygonaceae,F,1.227181,8,0.207682
Lycaenidae,Lycaena_phlaeas,221,Ancient,2.94105,0.220077,0.53309,Polygonaceae,F,1.360692,18,0.378503
Lycaenidae,Lycaena_phlaeas,222,Ancient,2.94105,0.220077,0.53309,Polygonaceae,F,1.330815,36,0.308641
Lycaenidae,Lycaena_phlaeas,25,Ancient,2.94105,0.220077,0.53309,Polygonaceae,M,1.319645,,
Lycaenidae,Lycaena_phlaeas,217,Ancient,2.94105,0.220077,0.53309,Polygonaceae,M,1.29974,,
Lycaenidae,Lycaena_phlaeas,218,Ancient,2.94105,0.220077,0.53309,Polygonaceae,M,1.302652,,
Lycaenidae,Lycaena_phlaeas,219,Ancient,2.94105,0.220077,0.53309,Polygonaceae,M,1.214468,,
Pieridae,Nathalis_iole,295,Ancient,2.16872,0.208676,0.03387,Asteraceae,F,1.444121,,0.290991
Pieridae,Nathalis_iole,297,Ancient,2.16872,0.208676,0.03387,Asteraceae,F,1.521924,,
Pieridae,Nathalis_iole,299,Ancient,2.16872,0.208676,0.03387,Asteraceae,F,1.503937,25,0.42218
Pieridae,Nathalis_iole,300,Ancient,2.16872,0.208676,0.03387,Asteraceae,F,1.354348,5,0.270523
Pieridae,Nathalis_iole,644,Ancient,2.16872,0.208676,0.03387,Asteraceae,F,1.415187,,
Pieridae,Nathalis_iole,298,Ancient,2.16872,0.208676,0.03387,Asteraceae,M,1.332813,,
Pieridae,Nathalis_iole,296,Ancient,2.16872,0.208676,0.03387,Asteraceae,M,1.396621,,0.413773
Pieridae,Nathalis_iole,614,Ancient,2.16872,0.208676,0.03387,Asteraceae,M,1.379406,,0.647209
Pieridae,Nathalis_iole,655,Ancient,2.16872,0.208676,0.03387,Asteraceae,M,1.416024,,
Pieridae,Nathalis_iole,656,Ancient,2.16872,0.208676,0.03387,Asteraceae,M,1.434667,,
Pieridae,Nathalis_iole,657,Ancient,2.16872,0.208676,0.03387,Asteraceae,M,1.379757,,0.491428
Pieridae,Nathalis_iole,658,Ancient,2.16872,0.208676,0.03387,Asteraceae,M,1.504552,,0.456532
Pieridae,Nathalis_iole,1013,Ancient,2.16872,0.208676,0.03387,Asteraceae,M,1.263003,,0.43868
Pieridae,Neophasia_menapia,458,Ancient,1.22446,0.130829,0.02399,Pinaceae,F,2.418813,22,1.216476
Pieridae,Neophasia_menapia,459,Ancient,1.22446,0.130829,0.02399,Pinaceae,F,2.550871,32,1.228531
Pieridae,Neophasia_menapia,460,Ancient,1.22446,0.130829,0.02399,Pinaceae,F,2.558347,3,
Pieridae,Neophasia_menapia,496,Ancient,1.22446,0.130829,0.02399,Pinaceae,M,2.575722,,0.412397
Pieridae,Neophasia_menapia,497,Ancient,1.22446,0.130829,0.02399,Pinaceae,M,2.518743,,0.596529
Pieridae,Neophasia_menapia,498,Ancient,1.22446,0.130829,0.02399,Pinaceae,M,2.596025,,0.454138
Pieridae,Neophasia_menapia,499,Ancient,1.22446,0.130829,0.02399,Pinaceae,M,2.605999,,0.544519
Pieridae,Neophasia_menapia,500,Ancient,1.22446,0.130829,0.02399,Pinaceae,M,2.4246,,0.757519
Pieridae,Neophasia_menapia,501,Ancient,1.22446,0.130829,0.02399,Pinaceae,M,2.486349,,0.518506
Pieridae,Neophasia_menapia,502,Ancient,1.22446,0.130829,0.02399,Pinaceae,M,2.61419,,0.465797
Pieridae,Neophasia_menapia,503,Ancient,1.22446,0.130829,0.02399,Pinaceae,M,2.704921,,0.78073
Pieridae,Neophasia_menapia,504,Ancient,1.22446,0.130829,0.02399,Pinaceae,M,2.618803,,0.527503
Pieridae,Neophasia_menapia,505,Ancient,1.22446,0.130829,0.02399,Pinaceae,M,2.298182,,0.486038
Nymphalidae,Nymphalis_vaualbum,133,Recent,2.27424,0.16885725,0.027645,Salicaceae,M,3.527323,,
Nymphalidae,Nymphalis_vaualbum,471,Recent,2.27424,0.16885725,0.027645,Salicaceae,M,2.974984,,
Papilionidae,Papilio_cresphontes,88,Recent,2.4881,0.138462,0.07823,Rutaceae,F,6.168242,54,
Papilionidae,Papilio_cresphontes,91,Recent,2.4881,0.138462,0.07823,Rutaceae,F,6.494781,48,
Papilionidae,Papilio_cresphontes,92,Recent,2.4881,0.138462,0.07823,Rutaceae,F,6.462768,32,1.162792
Papilionidae,Papilio_cresphontes,628,Recent,2.4881,0.138462,0.07823,Rutaceae,F,5.28726,11,1.430865
Papilionidae,Papilio_cresphontes,86,Recent,2.4881,0.138462,0.07823,Rutaceae,M,6.669322,,2.443719
Papilionidae,Papilio_cresphontes,89,Recent,2.4881,0.138462,0.07823,Rutaceae,M,5.188901,,
Papilionidae,Papilio_cresphontes,627,Recent,2.4881,0.138462,0.07823,Rutaceae,M,5.451827,,4.427905
Papilionidae,Papilio_palamedes,669,Ancient,1.4868,0.092744,0.05799,Lauraceae,F,5.391175,62,1.224064
Papilionidae,Papilio_palamedes,671,Ancient,1.4868,0.092744,0.05799,Lauraceae,F,5.603682,32,1.240059
Papilionidae,Papilio_palamedes,670,Ancient,1.4868,0.092744,0.05799,Lauraceae,M,5.278687,,2.125684
Papilionidae,Papilio_palamedes,672,Ancient,1.4868,0.092744,0.05799,Lauraceae,M,5.351301,,2.700266
Papilionidae,Papilio_palamedes,673,Ancient,1.4868,0.092744,0.05799,Lauraceae,M,4.913833,,2.965976
Papilionidae,Papilio_palamedes,674,Ancient,1.4868,0.092744,0.05799,Lauraceae,M,4.783897,,2.147178
Papilionidae,Papilio_palamedes,675,Ancient,1.4868,0.092744,0.05799,Lauraceae,M,5.208813,,3.71355
Papilionidae,Papilio_palamedes,676,Ancient,1.4868,0.092744,0.05799,Lauraceae,M,5.147079,,2.732558
Papilionidae,Papilio_palamedes,677,Ancient,1.4868,0.092744,0.05799,Lauraceae,M,5.054375,,2.985028
Papilionidae,Papilio_palamedes,678,Ancient,1.4868,0.092744,0.05799,Lauraceae,M,5.109718,,
Papilionidae,Papilio_polyxenes,35,Recent,2.578,0.293,0.13011,Apiaceae,F,4.834529,25,0.86675
Papilionidae,Papilio_polyxenes,230,Recent,2.578,0.293,0.13011,Apiaceae,M,3.648231,,
Papilionidae,Papilio_polyxenes,231,Recent,2.578,0.293,0.13011,Apiaceae,M,3.79767,,2.729751
Papilionidae,Papilio_polyxenes,266,Recent,2.578,0.293,0.13011,Apiaceae,M,4.153776,,2.480906
Papilionidae,Papilio_polyxenes,267,Recent,2.578,0.293,0.13011,Apiaceae,M,4.211238,,2.733663
Papilionidae,Papilio_polyxenes,457,Recent,2.578,0.293,0.13011,Apiaceae,M,4.401043,,1.597943
Papilionidae,Papilio_polyxenes,583,Recent,2.578,0.293,0.13011,Apiaceae,M,4.413608,,2.602347
Papilionidae,Parnassius_clodius,348,Recent,2.99333,0.313333,,Fumariaceae,F,3.729229,56,1.125858
Papilionidae,Parnassius_clodius,350,Recent,2.99333,0.313333,,Fumariaceae,F,3.57764,32,1.228182
Papilionidae,Parnassius_clodius,352,Recent,2.99333,0.313333,,Fumariaceae,F,2.935345,6,1.122579
Papilionidae,Parnassius_clodius,349,Recent,2.99333,0.313333,,Fumariaceae,M,3.538556,,1.926256
Papilionidae,Parnassius_clodius,351,Recent,2.99333,0.313333,,Fumariaceae,M,3.190501,,0.574393
Papilionidae,Parnassius_clodius,706,Recent,2.99333,0.313333,,Fumariaceae,M,3.22153,,
Papilionidae,Parnassius_clodius,707,Recent,2.99333,0.313333,,Fumariaceae,M,3.449091,,
Papilionidae,Parnassius_clodius,708,Recent,2.99333,0.313333,,Fumariaceae,M,3.432062,,
Papilionidae,Parnassius_clodius,709,Recent,2.99333,0.313333,,Fumariaceae,M,3.734675,,
Papilionidae,Parnassius_clodius,710,Recent,2.99333,0.313333,,Fumariaceae,M,3.44419,,
Papilionidae,Parnassius_smintheus,546,Ancient,1.66333,0.136667,0.0506,Crassulaceae,F,2.983939,22,1.130053
Papilionidae,Parnassius_smintheus,547,Ancient,1.66333,0.136667,0.0506,Crassulaceae,F,2.973883,20,1.239792
Papilionidae,Parnassius_smintheus,548,Ancient,1.66333,0.136667,0.0506,Crassulaceae,F,3.10201,34,1.21203
Papilionidae,Parnassius_smintheus,549,Ancient,1.66333,0.136667,0.0506,Crassulaceae,F,3.063833,31,1.112272
Papilionidae,Parnassius_smintheus,550,Ancient,1.66333,0.136667,0.0506,Crassulaceae,F,3.294142,26,1.181199
Papilionidae,Parnassius_smintheus,551,Ancient,1.66333,0.136667,0.0506,Crassulaceae,F,3.172844,17,0.853402
Papilionidae,Parnassius_smintheus,552,Ancient,1.66333,0.136667,0.0506,Crassulaceae,M,2.913924,,1.5167655
Papilionidae,Parnassius_smintheus,553,Ancient,1.66333,0.136667,0.0506,Crassulaceae,M,3.03297,,1.271744
Papilionidae,Parnassius_smintheus,554,Ancient,1.66333,0.136667,0.0506,Crassulaceae,M,3.112942,,2.175911
Papilionidae,Parnassius_smintheus,555,Ancient,1.66333,0.136667,0.0506,Crassulaceae,M,3.070588,,
Papilionidae,Parnassius_smintheus,556,Ancient,1.66333,0.136667,0.0506,Crassulaceae,M,2.928738,,1.4896685
Papilionidae,Parnassius_smintheus,557,Ancient,1.66333,0.136667,0.0506,Crassulaceae,M,3.409618,,1.336465
Papilionidae,Parnassius_smintheus,558,Ancient,1.66333,0.136667,0.0506,Crassulaceae,M,3.182111,,
Pieridae,Phoebis_sennae,682,Ancient,2.83388,0.148494,0.02783,Fabaceae,F,3.383394,70,0.396165
Pieridae,Phoebis_sennae,685,Ancient,2.83388,0.148494,0.02783,Fabaceae,F,3.321864,115,0.433304
Pieridae,Phoebis_sennae,687,Ancient,2.83388,0.148494,0.02783,Fabaceae,F,3.395862,90,0.412545
Pieridae,Phoebis_sennae,683,Ancient,2.83388,0.148494,0.02783,Fabaceae,M,3.236841,,1.406257
Pieridae,Phoebis_sennae,684,Ancient,2.83388,0.148494,0.02783,Fabaceae,M,2.986385,,1.852137
Pieridae,Phoebis_sennae,686,Ancient,2.83388,0.148494,0.02783,Fabaceae,M,3.672446,,1.508997
Nymphalidae,Phyciodes_cocyta,68,Ancient,2.16872,0.208676,0.03387,Asteraceae,F,1.89183,,
Nymphalidae,Phyciodes_cocyta,69,Ancient,2.16872,0.208676,0.03387,Asteraceae,F,1.851846,,
Nymphalidae,Phyciodes_cocyta,64,Ancient,2.16872,0.208676,0.03387,Asteraceae,M,1.675284,,
Nymphalidae,Phyciodes_cocyta,65,Ancient,2.16872,0.208676,0.03387,Asteraceae,M,1.790457,,
Nymphalidae,Phyciodes_cocyta,66,Ancient,2.16872,0.208676,0.03387,Asteraceae,M,1.584946,,
Nymphalidae,Phyciodes_cocyta,67,Ancient,2.16872,0.208676,0.03387,Asteraceae,M,1.652129,,
Nymphalidae,Phyciodes_cocyta,126,Ancient,2.16872,0.208676,0.03387,Asteraceae,M,1.651951,,
Nymphalidae,Phyciodes_cocyta,127,Ancient,2.16872,0.208676,0.03387,Asteraceae,M,1.69628,,
Nymphalidae,Phyciodes_cocyta,128,Ancient,2.16872,0.208676,0.03387,Asteraceae,M,1.689284,,
Nymphalidae,Phyciodes_cocyta,129,Ancient,2.16872,0.208676,0.03387,Asteraceae,M,1.698709,,
Nymphalidae,Phyciodes_cocyta,130,Ancient,2.16872,0.208676,0.03387,Asteraceae,M,1.751824,,
Nymphalidae,Phyciodes_cocyta,273,Ancient,2.16872,0.208676,0.03387,Asteraceae,M,1.705215,,0.950879
Nymphalidae,Phyciodes_cocyta,274,Ancient,2.16872,0.208676,0.03387,Asteraceae,M,1.589067,,1.249455
Nymphalidae,Phyciodes_phaon,653,Recent,1.27667,0.236667,0.052,Verbenaceae,F,1.482419,,
Nymphalidae,Phyciodes_phaon,654,Recent,1.27667,0.236667,0.052,Verbenaceae,F,1.559015,,
Nymphalidae,Phyciodes_phaon,650,Recent,1.27667,0.236667,0.052,Verbenaceae,M,1.418088,,
Nymphalidae,Phyciodes_phaon,651,Recent,1.27667,0.236667,0.052,Verbenaceae,M,1.397825,,
Nymphalidae,Phyciodes_phaon,652,Recent,1.27667,0.236667,0.052,Verbenaceae,M,1.510817,,
Pieridae,Pieris_napi,337,Ancient,3.44833,0.393929,0.41491,Brassicaceae,F,2.265092,,
Pieridae,Pieris_napi,364,Ancient,3.44833,0.393929,0.41491,Brassicaceae,F,2.390864,,
Pieridae,Pieris_napi,365,Ancient,3.44833,0.393929,0.41491,Brassicaceae,F,2.288743,,
Pieridae,Pieris_napi,366,Ancient,3.44833,0.393929,0.41491,Brassicaceae,F,2.480266,,
Pieridae,Pieris_napi,367,Ancient,3.44833,0.393929,0.41491,Brassicaceae,F,2.323683,,
Pieridae,Pieris_napi,368,Ancient,3.44833,0.393929,0.41491,Brassicaceae,F,2.266969,,
Pieridae,Pieris_napi,369,Ancient,3.44833,0.393929,0.41491,Brassicaceae,M,2.394779,,0.841331
Pieridae,Pieris_napi,370,Ancient,3.44833,0.393929,0.41491,Brassicaceae,M,2.375147,,0.958054
Pieridae,Pieris_napi,371,Ancient,3.44833,0.393929,0.41491,Brassicaceae,M,2.37737,,0.984606
Pieridae,Pieris_napi,372,Ancient,3.44833,0.393929,0.41491,Brassicaceae,M,2.287595,,
Pieridae,Pieris_napi,373,Ancient,3.44833,0.393929,0.41491,Brassicaceae,M,2.32111,,0.77225
Pieridae,Pieris_rapae,152,Ancient,3.447490435,0.380597913,0.406262174,Brassicaceae,F,2.496831,,
Pieridae,Pieris_rapae,153,Ancient,3.447490435,0.380597913,0.406262174,Brassicaceae,F,2.407403,,
Pieridae,Pieris_rapae,154,Ancient,3.447490435,0.380597913,0.406262174,Brassicaceae,F,2.247746,,
Pieridae,Pieris_rapae,155,Ancient,3.447490435,0.380597913,0.406262174,Brassicaceae,F,2.240356,,
Pieridae,Pieris_rapae,156,Ancient,3.447490435,0.380597913,0.406262174,Brassicaceae,F,2.349785,,
Pieridae,Pieris_rapae,157,Ancient,3.447490435,0.380597913,0.406262174,Brassicaceae,F,2.446835,,
Pieridae,Pieris_rapae,158,Ancient,3.447490435,0.380597913,0.406262174,Brassicaceae,F,2.398829,,
Pieridae,Pieris_rapae,159,Ancient,3.447490435,0.380597913,0.406262174,Brassicaceae,F,2.326454,,
Pieridae,Pieris_rapae,160,Ancient,3.447490435,0.380597913,0.406262174,Brassicaceae,F,2.269537,,
Pieridae,Pieris_rapae,161,Ancient,3.447490435,0.380597913,0.406262174,Brassicaceae,F,2.328197,,
Pieridae,Pieris_rapae,235,Ancient,3.447490435,0.380597913,0.406262174,Brassicaceae,M,2.252063,,
Pieridae,Pieris_rapae,623,Ancient,3.447490435,0.380597913,0.406262174,Brassicaceae,M,2.495849,,
Pieridae,Pieris_rapae,624,Ancient,3.447490435,0.380597913,0.406262174,Brassicaceae,M,2.602345,,
Pieridae,Pieris_rapae,625,Ancient,3.447490435,0.380597913,0.406262174,Brassicaceae,M,2.460475,,
Pieridae,Pieris_rapae,626,Ancient,3.447490435,0.380597913,0.406262174,Brassicaceae,M,2.521283,,
Pieridae,Pieris_rapae,590,Ancient,3.447490435,0.380597913,0.406262174,Brassicaceae,M,2.404235,,
Pieridae,Pieris_rapae,591,Ancient,3.447490435,0.380597913,0.406262174,Brassicaceae,M,2.135849,,
Pieridae,Pieris_rapae,592,Ancient,3.447490435,0.380597913,0.406262174,Brassicaceae,M,2.302915,,
Pieridae,Pieris_rapae,593,Ancient,3.447490435,0.380597913,0.406262174,Brassicaceae,M,2.542881,,
Pieridae,Pieris_rapae,594,Ancient,3.447490435,0.380597913,0.406262174,Brassicaceae,M,2.378333,,
Pieridae,Pieris_rapae,595,Ancient,3.447490435,0.380597913,0.406262174,Brassicaceae,M,2.350213,,
Lycaenidae,Plebejus_idas,711,Recent,1.20477,0.085145,0.02524,Ericaceae,F,1.4323,12,
Lycaenidae,Plebejus_idas,712,Recent,1.20477,0.085145,0.02524,Ericaceae,M,1.478307,,0.326312
Lycaenidae,Plebejus_idas,713,Recent,1.20477,0.085145,0.02524,Ericaceae,M,1.386946,,0.317182
Lycaenidae,Plebejus_idas,714,Recent,1.20477,0.085145,0.02524,Ericaceae,M,1.480972,,
Lycaenidae,Plebejus_idas,715,Recent,1.20477,0.085145,0.02524,Ericaceae,M,1.552864,,
Lycaenidae,Plebejus_melissa,477,Ancient,2.83388,0.148494,0.02783,Fabaceae,F,1.334455,14,
Lycaenidae,Plebejus_melissa,479,Ancient,2.83388,0.148494,0.02783,Fabaceae,F,1.332262,10,0.343922
Lycaenidae,Plebejus_melissa,480,Ancient,2.83388,0.148494,0.02783,Fabaceae,F,1.359867,,0.331648
Lycaenidae,Plebejus_melissa,481,Ancient,2.83388,0.148494,0.02783,Fabaceae,F,1.422732,18,0.324575
Lycaenidae,Plebejus_melissa,482,Ancient,2.83388,0.148494,0.02783,Fabaceae,F,1.434697,16,0.535454
Lycaenidae,Plebejus_melissa,474,Ancient,2.83388,0.148494,0.02783,Fabaceae,M,1.303629,,
Lycaenidae,Plebejus_melissa,475,Ancient,2.83388,0.148494,0.02783,Fabaceae,M,1.29415,,
Lycaenidae,Plebejus_melissa,476,Ancient,2.83388,0.148494,0.02783,Fabaceae,M,1.355545,,
Lycaenidae,Plebejus_melissa,478,Ancient,2.83388,0.148494,0.02783,Fabaceae,M,1.267526,,
Lycaenidae,Plebejus_melissa,483,Ancient,2.83388,0.148494,0.02783,Fabaceae,M,1.230806,,
Nymphalidae,Polygonia_comma,27,Ancient,3.121192,0.2597968,0.318936,Urticaceae,M,2.34014,,1.854205
Nymphalidae,Polygonia_comma,109,Ancient,3.121192,0.2597968,0.318936,Urticaceae,M,2.400718,,
Nymphalidae,Polygonia_comma,110,Ancient,3.121192,0.2597968,0.318936,Urticaceae,M,2.412743,,
Nymphalidae,Polygonia_comma,111,Ancient,3.121192,0.2597968,0.318936,Urticaceae,M,2.477865,,
Nymphalidae,Polygonia_comma,112,Ancient,3.121192,0.2597968,0.318936,Urticaceae,M,2.668409,,
Nymphalidae,Polygonia_comma,113,Ancient,3.121192,0.2597968,0.318936,Urticaceae,M,2.590766,,
Nymphalidae,Polygonia_comma,377,Ancient,3.121192,0.2597968,0.318936,Urticaceae,M,2.67067,,
Nymphalidae,Polygonia_comma,378,Ancient,3.121192,0.2597968,0.318936,Urticaceae,M,2.646581,,
Nymphalidae,Polygonia_comma,379,Ancient,3.121192,0.2597968,0.318936,Urticaceae,M,2.647423,,
Nymphalidae,Polygonia_gracilis,285,Recent,1.468736667,0.144723333,0.017766667,Grossulariaceae,F,2.510362,11,
Nymphalidae,Polygonia_gracilis,286,Recent,1.468736667,0.144723333,0.017766667,Grossulariaceae,M,2.47784,,
Nymphalidae,Polygonia_gracilis,287,Recent,1.468736667,0.144723333,0.017766667,Grossulariaceae,M,2.340762,,
Nymphalidae,Polygonia_gracilis,288,Recent,1.468736667,0.144723333,0.017766667,Grossulariaceae,M,2.601591,,
Nymphalidae,Polygonia_gracilis,289,Recent,1.468736667,0.144723333,0.017766667,Grossulariaceae,M,2.531233,,
Nymphalidae,Polygonia_progne,251,Recent,1.60072,0.1745125,0.01403,Grossulariaceae,F,2.324431,6,0.571152
Nymphalidae,Polygonia_progne,82,Recent,1.60072,0.1745125,0.01403,Grossulariaceae,M,2.416574,,1.365975
Nymphalidae,Polygonia_progne,107,Recent,1.60072,0.1745125,0.01403,Grossulariaceae,M,2.408495,,1.438851
Nymphalidae,Polygonia_progne,108,Recent,1.60072,0.1745125,0.01403,Grossulariaceae,M,2.369325,,1.903056
Nymphalidae,Polygonia_progne,376,Recent,1.60072,0.1745125,0.01403,Grossulariaceae,M,2.356629,,1.368073
Hesperiidae,Pyrgus_communis,303,Ancient,2.64054,0.199161,0.23809,Malvaceae,F,1.497394,36,0.423543
Hesperiidae,Pyrgus_communis,304,Ancient,2.64054,0.199161,0.23809,Malvaceae,F,1.36286,11,0.339377
Hesperiidae,Pyrgus_communis,609,Ancient,2.64054,0.199161,0.23809,Malvaceae,F,1.407807,3,0.292365
Hesperiidae,Pyrgus_communis,611,Ancient,2.64054,0.199161,0.23809,Malvaceae,F,1.49737,36,0.300345
Hesperiidae,Pyrgus_communis,301,Ancient,2.64054,0.199161,0.23809,Malvaceae,M,1.337333,,0.40159
Hesperiidae,Pyrgus_communis,302,Ancient,2.64054,0.199161,0.23809,Malvaceae,M,1.389261,,0.434561
Hesperiidae,Pyrgus_communis,305,Ancient,2.64054,0.199161,0.23809,Malvaceae,M,1.34658,,0.706572
Hesperiidae,Pyrgus_communis,597,Ancient,2.64054,0.199161,0.23809,Malvaceae,M,1.35779,,0.720079
Hesperiidae,Pyrgus_communis,598,Ancient,2.64054,0.199161,0.23809,Malvaceae,M,1.311741,,0.492287
Hesperiidae,Pyrgus_communis,599,Ancient,2.64054,0.199161,0.23809,Malvaceae,M,1.325822,,0.387817
Hesperiidae,Pyrgus_communis,600,Ancient,2.64054,0.199161,0.23809,Malvaceae,M,1.371108,,0.57697
Hesperiidae,Pyrgus_communis,607,Ancient,2.64054,0.199161,0.23809,Malvaceae,M,1.390441,,0.973473
Hesperiidae,Pyrgus_communis,608,Ancient,2.64054,0.199161,0.23809,Malvaceae,M,1.395813,,
Hesperiidae,Pyrgus_communis,610,Ancient,2.64054,0.199161,0.23809,Malvaceae,M,1.393162,,0.547729
Hesperiidae,Pyrgus_communis,612,Ancient,2.64054,0.199161,0.23809,Malvaceae,M,1.401388,,0.24779
Hesperiidae,Pyrgus_communis,613,Ancient,2.64054,0.199161,0.23809,Malvaceae,M,1.432705,,0.541775
Lycaenidae,Satyrium_acadica,419,Recent,2.20814,0.171816,0.02502,Salicaceae,F,1.753058,35,0.426567
Lycaenidae,Satyrium_acadica,411,Recent,2.20814,0.171816,0.02502,Salicaceae,M,1.677409,,2.48768
Lycaenidae,Satyrium_acadica,412,Recent,2.20814,0.171816,0.02502,Salicaceae,M,1.505826,,1.042808
Lycaenidae,Satyrium_acadica,413,Recent,2.20814,0.171816,0.02502,Salicaceae,M,1.509751,,1.354626
Lycaenidae,Satyrium_acadica,414,Recent,2.20814,0.171816,0.02502,Salicaceae,M,1.478515,,1.236793
Lycaenidae,Satyrium_acadica,415,Recent,2.20814,0.171816,0.02502,Salicaceae,M,1.480006,,0.774195
Lycaenidae,Satyrium_acadica,416,Recent,2.20814,0.171816,0.02502,Salicaceae,M,1.592237,,1.662603
Lycaenidae,Satyrium_acadica,417,Recent,2.20814,0.171816,0.02502,Salicaceae,M,1.564153,,
Lycaenidae,Satyrium_acadica,418,Recent,2.20814,0.171816,0.02502,Salicaceae,M,1.484226,,1.007917
Lycaenidae,Satyrium_edwardsii,15,Recent,1.66129,0.115029,0.02668,Fagaceae,F,1.506382,,
Lycaenidae,Satyrium_edwardsii,9,Recent,1.66129,0.115029,0.02668,Fagaceae,F,1.517922,,
Lycaenidae,Satyrium_edwardsii,10,Recent,1.66129,0.115029,0.02668,Fagaceae,F,1.511866,11,
Lycaenidae,Satyrium_edwardsii,11,Recent,1.66129,0.115029,0.02668,Fagaceae,F,1.71083,24,
Lycaenidae,Satyrium_edwardsii,12,Recent,1.66129,0.115029,0.02668,Fagaceae,F,1.602314,20,
Lycaenidae,Satyrium_edwardsii,14,Recent,1.66129,0.115029,0.02668,Fagaceae,F,1.530148,,
Lycaenidae,Satyrium_edwardsii,8,Recent,1.66129,0.115029,0.02668,Fagaceae,M,1.431055,,
Lycaenidae,Satyrium_edwardsii,13,Recent,1.66129,0.115029,0.02668,Fagaceae,M,1.405563,,
Lycaenidae,Satyrium_saepium,533,Recent,2.13208,0.130332,0.18007,Rhamnaceae,F,1.515962,,
Lycaenidae,Satyrium_saepium,534,Recent,2.13208,0.130332,0.18007,Rhamnaceae,F,1.445846,,
Lycaenidae,Satyrium_saepium,535,Recent,2.13208,0.130332,0.18007,Rhamnaceae,F,1.395681,,
Lycaenidae,Satyrium_saepium,536,Recent,2.13208,0.130332,0.18007,Rhamnaceae,F,1.453878,,
Lycaenidae,Satyrium_saepium,537,Recent,2.13208,0.130332,0.18007,Rhamnaceae,F,1.604525,,
Lycaenidae,Satyrium_saepium,573,Recent,2.13208,0.130332,0.18007,Rhamnaceae,F,1.45487,24,
Lycaenidae,Satyrium_saepium,538,Recent,2.13208,0.130332,0.18007,Rhamnaceae,M,1.50825,,
Lycaenidae,Satyrium_saepium,539,Recent,2.13208,0.130332,0.18007,Rhamnaceae,M,1.515953,,
Lycaenidae,Satyrium_saepium,540,Recent,2.13208,0.130332,0.18007,Rhamnaceae,M,1.447809,,
Lycaenidae,Satyrium_saepium,541,Recent,2.13208,0.130332,0.18007,Rhamnaceae,M,1.475826,,
Lycaenidae,Satyrium_saepium,542,Recent,2.13208,0.130332,0.18007,Rhamnaceae,M,1.442652,,
Lycaenidae,Satyrium_saepium,543,Recent,2.13208,0.130332,0.18007,Rhamnaceae,M,1.484258,,
Lycaenidae,Satyrium_saepium,544,Recent,2.13208,0.130332,0.18007,Rhamnaceae,M,1.579264,,
Lycaenidae,Satyrium_saepium,545,Recent,2.13208,0.130332,0.18007,Rhamnaceae,M,1.50204,,
Lycaenidae,Satyrium_titus,421,Ancient,2.12128,0.202715,0.04175,Rosaceae,F,1.575616,11,0.644474
Lycaenidae,Satyrium_titus,424,Ancient,2.12128,0.202715,0.04175,Rosaceae,F,1.533298,11,0.607589
Lycaenidae,Satyrium_titus,425,Ancient,2.12128,0.202715,0.04175,Rosaceae,F,1.703676,7,0.551838
Lycaenidae,Satyrium_titus,428,Ancient,2.12128,0.202715,0.04175,Rosaceae,F,1.489947,,
Lycaenidae,Satyrium_titus,429,Ancient,2.12128,0.202715,0.04175,Rosaceae,F,1.467385,,
Lycaenidae,Satyrium_titus,420,Ancient,2.12128,0.202715,0.04175,Rosaceae,M,1.52705,,
Lycaenidae,Satyrium_titus,422,Ancient,2.12128,0.202715,0.04175,Rosaceae,M,1.520146,,0.840055
Lycaenidae,Satyrium_titus,423,Ancient,2.12128,0.202715,0.04175,Rosaceae,M,1.458245,,1.829332
Lycaenidae,Satyrium_titus,426,Ancient,2.12128,0.202715,0.04175,Rosaceae,M,1.339416,,
Lycaenidae,Satyrium_titus,427,Ancient,2.12128,0.202715,0.04175,Rosaceae,M,1.421659,,1.075416
Nymphalidae,Satyrodes_eurydice,343,Ancient,1.76136,0.162999,0.00496,Cyperaceae,F,2.305196,,
Nymphalidae,Satyrodes_eurydice,325,Ancient,1.76136,0.162999,0.00496,Cyperaceae,F,2.342646,,
Nymphalidae,Satyrodes_eurydice,326,Ancient,1.76136,0.162999,0.00496,Cyperaceae,F,2.260995,20,0.170767
Nymphalidae,Satyrodes_eurydice,330,Ancient,1.76136,0.162999,0.00496,Cyperaceae,F,2.370157,20,
Nymphalidae,Satyrodes_eurydice,331,Ancient,1.76136,0.162999,0.00496,Cyperaceae,F,2.292661,24,0.695105
Nymphalidae,Satyrodes_eurydice,332,Ancient,1.76136,0.162999,0.00496,Cyperaceae,F,2.330077,,
Nymphalidae,Satyrodes_eurydice,335,Ancient,1.76136,0.162999,0.00496,Cyperaceae,F,2.36592,14,0.738719
Nymphalidae,Satyrodes_eurydice,336,Ancient,1.76136,0.162999,0.00496,Cyperaceae,F,,16,
Nymphalidae,Satyrodes_eurydice,327,Ancient,1.76136,0.162999,0.00496,Cyperaceae,M,2.253862,,
Nymphalidae,Satyrodes_eurydice,328,Ancient,1.76136,0.162999,0.00496,Cyperaceae,M,2.258541,,0.2163306
Nymphalidae,Satyrodes_eurydice,329,Ancient,1.76136,0.162999,0.00496,Cyperaceae,M,2.277004,,
Nymphalidae,Satyrodes_eurydice,333,Ancient,1.76136,0.162999,0.00496,Cyperaceae,M,2.177475,,0.5638851
Nymphalidae,Satyrodes_eurydice,334,Ancient,1.76136,0.162999,0.00496,Cyperaceae,M,2.190452,,0.642811
Nymphalidae,Speyeria_cybele,559,Ancient,2.69353,0.254557,0.0245,Violaceae,F,3.490398,50,0.099247
Nymphalidae,Speyeria_cybele,620,Ancient,2.69353,0.254557,0.0245,Violaceae,F,4.350556,56,0.522572
Nymphalidae,Speyeria_cybele,621,Ancient,2.69353,0.254557,0.0245,Violaceae,F,4.522634,70,0.656249
Nymphalidae,Speyeria_cybele,622,Ancient,2.69353,0.254557,0.0245,Violaceae,F,4.234212,91,0.611601
Nymphalidae,Speyeria_cybele,560,Ancient,2.69353,0.254557,0.0245,Violaceae,M,3.538513,,
Nymphalidae,Speyeria_cybele,561,Ancient,2.69353,0.254557,0.0245,Violaceae,M,3.544845,,
Nymphalidae,Speyeria_cybele,562,Ancient,2.69353,0.254557,0.0245,Violaceae,M,3.646948,,1.896232
Nymphalidae,Speyeria_egleius,564,Ancient,2.69353,0.254557,0.0245,Violaceae,F,2.683325,62,0.592286
Nymphalidae,Speyeria_egleius,566,Ancient,2.69353,0.254557,0.0245,Violaceae,F,2.495784,42,0.633251
Nymphalidae,Speyeria_egleius,568,Ancient,2.69353,0.254557,0.0245,Violaceae,F,2.621132,45,0.539439
Nymphalidae,Speyeria_egleius,563,Ancient,2.69353,0.254557,0.0245,Violaceae,M,2.462625,,
Nymphalidae,Speyeria_egleius,565,Ancient,2.69353,0.254557,0.0245,Violaceae,M,2.391196,,1.14278
Nymphalidae,Speyeria_egleius,567,Ancient,2.69353,0.254557,0.0245,Violaceae,M,2.389346,,
Hesperiidae,Thorybes_pylades,307,Ancient,2.83388,0.148494,0.02783,Fabaceae,F,2.149532,15,1.147043
Hesperiidae,Thorybes_pylades,310,Ancient,2.83388,0.148494,0.02783,Fabaceae,F,2.065614,17,1.113124
Hesperiidae,Thorybes_pylades,311,Ancient,2.83388,0.148494,0.02783,Fabaceae,F,2.077241,8,1.080217
Hesperiidae,Thorybes_pylades,313,Ancient,2.83388,0.148494,0.02783,Fabaceae,F,2.054929,21,1.045299
Hesperiidae,Thorybes_pylades,314,Ancient,2.83388,0.148494,0.02783,Fabaceae,F,1.950338,10,1.138056
Hesperiidae,Thorybes_pylades,315,Ancient,2.83388,0.148494,0.02783,Fabaceae,F,1.990152,11,1.099646
Hesperiidae,Thorybes_pylades,316,Ancient,2.83388,0.148494,0.02783,Fabaceae,F,1.961244,14,
Hesperiidae,Thorybes_pylades,317,Ancient,2.83388,0.148494,0.02783,Fabaceae,F,2.093096,13,1.323604
Hesperiidae,Thorybes_pylades,319,Ancient,2.83388,0.148494,0.02783,Fabaceae,F,2.038911,12,0.959629
Hesperiidae,Thorybes_pylades,320,Ancient,2.83388,0.148494,0.02783,Fabaceae,F,2.142908,11,1.082007
Hesperiidae,Thorybes_pylades,321,Ancient,2.83388,0.148494,0.02783,Fabaceae,F,2.190544,6,1.031507
Hesperiidae,Thorybes_pylades,322,Ancient,2.83388,0.148494,0.02783,Fabaceae,F,2.187096,7,1.175541
Hesperiidae,Thorybes_pylades,1006,Ancient,2.83388,0.148494,0.02783,Fabaceae,F,1.760573,25,0.788945
Hesperiidae,Thorybes_pylades,276,Ancient,2.83388,0.148494,0.02783,Fabaceae,M,1.727068,,
Hesperiidae,Thorybes_pylades,312,Ancient,2.83388,0.148494,0.02783,Fabaceae,M,1.940931,,
Hesperiidae,Thorybes_pylades,318,Ancient,2.83388,0.148494,0.02783,Fabaceae,M,1.990984,,
Hesperiidae,Thorybes_pylades,323,Ancient,2.83388,0.148494,0.02783,Fabaceae,M,2.010184,,
Hesperiidae,Thorybes_pylades,324,Ancient,2.83388,0.148494,0.02783,Fabaceae,M,1.924083,,1.200839
Nymphalidae,Vanessa_atalanta,105,Ancient,3.334498571,0.302362,0.442431429,Urticaceae,F,3.118771,,
Nymphalidae,Vanessa_atalanta,132,Ancient,3.334498571,0.302362,0.442431429,Urticaceae,F,2.924021,42,
Nymphalidae,Vanessa_atalanta,134,Ancient,3.334498571,0.302362,0.442431429,Urticaceae,F,3.247409,,0.412925
Nymphalidae,Vanessa_atalanta,275,Ancient,3.334498571,0.302362,0.442431429,Urticaceae,F,2.624041,,0.338258
Nymphalidae,Vanessa_atalanta,397,Ancient,3.334498571,0.302362,0.442431429,Urticaceae,F,2.991858,70,0.444627
Nymphalidae,Vanessa_atalanta,399,Ancient,3.334498571,0.302362,0.442431429,Urticaceae,F,2.711613,40,0.362061
Nymphalidae,Vanessa_atalanta,400,Ancient,3.334498571,0.302362,0.442431429,Urticaceae,F,3.226239,72,0.490069
Nymphalidae,Vanessa_atalanta,84,Ancient,3.334498571,0.302362,0.442431429,Urticaceae,M,3.226791,,
Nymphalidae,Vanessa_atalanta,103,Ancient,3.334498571,0.302362,0.442431429,Urticaceae,M,2.972159,,2.10993
Nymphalidae,Vanessa_atalanta,104,Ancient,3.334498571,0.302362,0.442431429,Urticaceae,M,2.642643,,
Nymphalidae,Vanessa_atalanta,106,Ancient,3.334498571,0.302362,0.442431429,Urticaceae,M,2.892452,,0.730684
Nymphalidae,Vanessa_atalanta,341,Ancient,3.334498571,0.302362,0.442431429,Urticaceae,M,2.843092,,
Nymphalidae,Vanessa_atalanta,396,Ancient,3.334498571,0.302362,0.442431429,Urticaceae,M,2.849635,,
Nymphalidae,Vanessa_atalanta,398,Ancient,3.334498571,0.302362,0.442431429,Urticaceae,M,3.08441,,1.178981
Nymphalidae,Vanessa_atalanta,581,Ancient,3.334498571,0.302362,0.442431429,Urticaceae,M,3.001079,,
Nymphalidae,Vanessa_atalanta,582,Ancient,3.334498571,0.302362,0.442431429,Urticaceae,M,3.021759,,
Nymphalidae,Vanessa_virginiensis,204,Recent,2.279844,0.21641015,0.092982941,Asteraceae,F,,27,0.201861
Nymphalidae,Vanessa_virginiensis,205,Recent,2.279844,0.21641015,0.092982941,Asteraceae,F,2.196077,31,0.293606
Nymphalidae,Vanessa_virginiensis,206,Recent,2.279844,0.21641015,0.092982941,Asteraceae,F,2.797912,42,0.237092
Nymphalidae,Vanessa_virginiensis,233,Recent,2.279844,0.21641015,0.092982941,Asteraceae,F,2.740446,47,0.226585
Nymphalidae,Vanessa_virginiensis,234,Recent,2.279844,0.21641015,0.092982941,Asteraceae,F,2.61501,5,
Nymphalidae,Vanessa_virginiensis,252,Recent,2.279844,0.21641015,0.092982941,Asteraceae,F,2.687012,42,0.316463
Nymphalidae,Vanessa_virginiensis,253,Recent,2.279844,0.21641015,0.092982941,Asteraceae,F,2.527648,32,0.268185
Nymphalidae,Vanessa_virginiensis,725,Recent,2.279844,0.21641015,0.092982941,Asteraceae,F,2.954939,24,
Nymphalidae,Vanessa_virginiensis,254,Recent,2.279844,0.21641015,0.092982941,Asteraceae,M,2.429753,,
Nymphalidae,Vanessa_virginiensis,681,Recent,2.279844,0.21641015,0.092982941,Asteraceae,M,2.43501,,
Nymphalidae,Vanessa_virginiensis,1014,Recent,2.279844,0.21641015,0.092982941,Asteraceae,M,2.308445,,0.680774
